,GC,lat,long,Date,User,county
1,GCKQXH,45.77832,-65.77532,2019-06-17,cogsweba,Kings-New Brunswick
2,GCKQXH,45.77832,-65.77532,2016-10-01,Team BikeFast,Kings-New Brunswick
3,GCKQXH,45.77832,-65.77532,2016-06-08,The Major Family,Kings-New Brunswick
4,GCKQXH,45.77832,-65.77532,2015-08-02,Tetagoucher,Kings-New Brunswick
5,GCKQXH,45.77832,-65.77532,2013-08-04,K57,Kings-New Brunswick
6,GCKQXH,45.77832,-65.77532,2012-06-17,sussexace,Kings-New Brunswick
7,GCKQXH,45.77832,-65.77532,2012-06-17,vfrgirl,Kings-New Brunswick
8,GCKQXH,45.77832,-65.77532,2012-01-10,incepit,Kings-New Brunswick
9,GCKQXH,45.77832,-65.77532,2012-01-10,markirene,Kings-New Brunswick
10,GCKQXH,45.77832,-65.77532,2012-01-10,Rev Slippery,Kings-New Brunswick
11,GCKQXH,45.77832,-65.77532,2011-07-15,GEDCanada,Kings-New Brunswick
12,GCKQXH,45.77832,-65.77532,2011-07-15,Team BikeFast,Kings-New Brunswick
13,GCKQXH,45.77832,-65.77532,2011-07-15,KFDCanada&GEDCanada,Kings-New Brunswick
14,GCKQXH,45.77832,-65.77532,2010-08-08,SuperheroInTraining,Kings-New Brunswick
15,GCKQXH,45.77832,-65.77532,2010-07-28,avardmac,Kings-New Brunswick
16,GCKQXH,45.77832,-65.77532,2010-05-26,ajlong,Kings-New Brunswick
17,GCKQXH,45.77832,-65.77532,2009-07-05,mud in the face,Kings-New Brunswick
18,GCKQXH,45.77832,-65.77532,2008-12-13,ZeMartelo,Kings-New Brunswick
19,GCKQXH,45.77832,-65.77532,2008-09-05,The Major Family,Kings-New Brunswick
20,GCKQXH,45.77832,-65.77532,2008-07-20,Olive_Girl,Kings-New Brunswick
21,GCKQXH,45.77832,-65.77532,2008-07-20,Ol_eagle_eyes,Kings-New Brunswick
22,GCKQXH,45.77832,-65.77532,2008-06-10,DueEast,Kings-New Brunswick
23,GCKQXH,45.77832,-65.77532,2007-04-30,TLWTOC,Kings-New Brunswick
24,GCKQXH,45.77832,-65.77532,2007-04-30,DIGGER_52,Kings-New Brunswick
25,GCKQXH,45.77832,-65.77532,2006-12-31,Toadster,Kings-New Brunswick
26,GCKQXH,45.77832,-65.77532,2006-10-17,Creakers,Kings-New Brunswick
27,GCKQXH,45.77832,-65.77532,2006-07-19,KD_cachers,Kings-New Brunswick
28,GCKQXH,45.77832,-65.77532,2006-05-06,Team BikeFast,Kings-New Brunswick
29,GCKQXH,45.77832,-65.77532,2006-04-16,MacRats,Kings-New Brunswick
30,GCKQXH,45.77832,-65.77532,2006-04-13,BEESKEEPER,Kings-New Brunswick
31,GCKQXH,45.77832,-65.77532,2006-04-01,bayseekers,Kings-New Brunswick
32,GCKQXH,45.77832,-65.77532,2005-11-20,The Lab Rat,Kings-New Brunswick
33,GCKQXH,45.77832,-65.77532,2005-11-17,The Major Family,Kings-New Brunswick
34,GCKQXH,45.77832,-65.77532,2005-05-24,The Major Family,Kings-New Brunswick
35,GCKQXH,45.77832,-65.77532,2005-05-14,Marching Team,Kings-New Brunswick
36,GCKQXH,45.77832,-65.77532,2005-04-22,TheRetiredHiker&SpruceGum,Kings-New Brunswick
37,GCKQXH,45.77832,-65.77532,2004-11-06,DustyWalker,Kings-New Brunswick
38,GCKQXH,45.77832,-65.77532,2004-10-25,jim52,Kings-New Brunswick
39,GCKQXH,45.77832,-65.77532,2004-10-24,family_circache,Kings-New Brunswick
40,GCKQXH,45.77832,-65.77532,2004-10-18,Doctor Livingstone,Kings-New Brunswick
41,GCKQXH,45.77832,-65.77532,2004-10-09,The Major Family,Kings-New Brunswick
42,GCKQXH,45.77832,-65.77532,2004-10-09,Red Witch,Kings-New Brunswick
43,GC3JEQA,43.63418,-79.9749,2019-02-17,kguppy,Halton Regional Municipality-Ontario
44,GC3JEQA,43.63418,-79.9749,2018-09-29,zananoelis,Halton Regional Municipality-Ontario
45,GC3JEQA,43.63418,-79.9749,2018-09-16,mmsm,Halton Regional Municipality-Ontario
46,GC3JEQA,43.63418,-79.9749,2018-08-11,Scouters Fred and Brenda,Halton Regional Municipality-Ontario
47,GC3JEQA,43.63418,-79.9749,2017-03-10,Desafio,Halton Regional Municipality-Ontario
48,GC3JEQA,43.63418,-79.9749,2017-03-05,JayJayCache,Halton Regional Municipality-Ontario
49,GC3JEQA,43.63418,-79.9749,2017-03-05,Bug Finders,Halton Regional Municipality-Ontario
50,GC3JEQA,43.63418,-79.9749,2016-10-11,Joe Loescher,Halton Regional Municipality-Ontario
51,GC3JEQA,43.63418,-79.9749,2016-09-11,betweenhereandthere,Halton Regional Municipality-Ontario
52,GC3JEQA,43.63418,-79.9749,2016-07-02,KayTeeAre,Halton Regional Municipality-Ontario
53,GC3JEQA,43.63418,-79.9749,2016-04-18,ktemJohn,Halton Regional Municipality-Ontario
54,GC3JEQA,43.63418,-79.9749,2016-04-18,drdrkxz,Halton Regional Municipality-Ontario
55,GC3JEQA,43.63418,-79.9749,2016-01-23,Ragtops,Halton Regional Municipality-Ontario
56,GC3JEQA,43.63418,-79.9749,2016-01-23,LadyJaime,Halton Regional Municipality-Ontario
57,GC3JEQA,43.63418,-79.9749,2016-01-23,Kreamer&BearsKrew,Halton Regional Municipality-Ontario
58,GC3JEQA,43.63418,-79.9749,2015-05-20,indigodave,Halton Regional Municipality-Ontario
59,GC3JEQA,43.63418,-79.9749,2015-05-20,By Way,Halton Regional Municipality-Ontario
60,GC3JEQA,43.63418,-79.9749,2015-05-20,bruce iroquoia,Halton Regional Municipality-Ontario
61,GC3JEQA,43.63418,-79.9749,2014-11-25,Zorkmid,Halton Regional Municipality-Ontario
62,GC3JEQA,43.63418,-79.9749,2014-11-25,jatmo,Halton Regional Municipality-Ontario
63,GC3JEQA,43.63418,-79.9749,2014-11-25,bestactuary,Halton Regional Municipality-Ontario
64,GC3JEQA,43.63418,-79.9749,2013-11-19,Micd,Halton Regional Municipality-Ontario
65,GC3JEQA,43.63418,-79.9749,2013-11-17,Micd,Halton Regional Municipality-Ontario
66,GC3JEQA,43.63418,-79.9749,2013-10-12,Msbrenders,Halton Regional Municipality-Ontario
67,GC3JEQA,43.63418,-79.9749,2013-10-11,Zoeker Bill,Halton Regional Municipality-Ontario
68,GC3JEQA,43.63418,-79.9749,2013-10-11,Mississauga Misfits,Halton Regional Municipality-Ontario
69,GC3JEQA,43.63418,-79.9749,2013-09-01,Paul n Susan,Halton Regional Municipality-Ontario
70,GC3JEQA,43.63418,-79.9749,2013-05-26,oldnumber7,Halton Regional Municipality-Ontario
71,GC3JEQA,43.63418,-79.9749,2013-03-19,fbax,Halton Regional Municipality-Ontario
72,GC3JEQA,43.63418,-79.9749,2013-03-01,Buttons.,Halton Regional Municipality-Ontario
73,GC3JEQA,43.63418,-79.9749,2012-11-05,mijojelweslandon,Halton Regional Municipality-Ontario
74,GC3JEQA,43.63418,-79.9749,2012-10-13,alli-oop,Halton Regional Municipality-Ontario
75,GC3JEQA,43.63418,-79.9749,2012-09-24,GuelphHiker,Halton Regional Municipality-Ontario
76,GC3JEQA,43.63418,-79.9749,2012-08-06,Ellesche2100,Halton Regional Municipality-Ontario
77,GC3JEQA,43.63418,-79.9749,2012-08-06,res2100,Halton Regional Municipality-Ontario
78,GC3JEQA,43.63418,-79.9749,2012-07-12,hikerT,Halton Regional Municipality-Ontario
79,GC3JEQA,43.63418,-79.9749,2012-06-10,red headed fury,Halton Regional Municipality-Ontario
80,GC3JEQA,43.63418,-79.9749,2012-06-10,FreeSpirited1,Halton Regional Municipality-Ontario
81,GC3JEQA,43.63418,-79.9749,2012-05-20,geob.o.b.,Halton Regional Municipality-Ontario
82,GC3JEQA,43.63418,-79.9749,2012-05-20,oldnumber7,Halton Regional Municipality-Ontario
83,GC651NQ,45.63882,-75.6085,2018-10-21,CanThai,Les Collines-De-L'Outaouais-Quebec
84,GC651NQ,45.63882,-75.6085,2016-09-08,dumbo_89,Les Collines-De-L'Outaouais-Quebec
85,GC651NQ,45.63882,-75.6085,2016-04-30,bluelamb03,Les Collines-De-L'Outaouais-Quebec
86,GC651NQ,45.63882,-75.6085,2015-11-28,Guydes.,Les Collines-De-L'Outaouais-Quebec
87,GC651NQ,45.63882,-75.6085,2015-11-07,cron,Les Collines-De-L'Outaouais-Quebec
88,GC651NQ,45.63882,-75.6085,2015-10-28,FoxEcho,Les Collines-De-L'Outaouais-Quebec
89,GC2EFHM,45.46915,-75.8056,2017-09-09,cd.cuts,Les Collines-De-L'Outaouais-Quebec
90,GC2EFHM,45.46915,-75.8056,2017-08-13,Russ and Dana,Les Collines-De-L'Outaouais-Quebec
91,GC2EFHM,45.46915,-75.8056,2016-10-28,dumbo_89,Les Collines-De-L'Outaouais-Quebec
92,GC2EFHM,45.46915,-75.8056,2016-08-18,wesi,Les Collines-De-L'Outaouais-Quebec
93,GC2EFHM,45.46915,-75.8056,2015-10-17,tiggrrr,Les Collines-De-L'Outaouais-Quebec
94,GC2EFHM,45.46915,-75.8056,2015-10-17,The Blue Quasar,Les Collines-De-L'Outaouais-Quebec
95,GC2EFHM,45.46915,-75.8056,2015-10-17,carnigrewal,Les Collines-De-L'Outaouais-Quebec
96,GC2EFHM,45.46915,-75.8056,2015-07-19,Inuksuk.,Les Collines-De-L'Outaouais-Quebec
97,GC2EFHM,45.46915,-75.8056,2013-10-25,FoxEcho,Les Collines-De-L'Outaouais-Quebec
98,GC2EFHM,45.46915,-75.8056,2013-09-02,geob.o.b.,Les Collines-De-L'Outaouais-Quebec
99,GC2EFHM,45.46915,-75.8056,2013-08-08,jknchacha,Les Collines-De-L'Outaouais-Quebec
100,GC2EFHM,45.46915,-75.8056,2012-07-02,Kirok,Les Collines-De-L'Outaouais-Quebec
101,GC2EFHM,45.46915,-75.8056,2011-10-12,lostinthegarden,Les Collines-De-L'Outaouais-Quebec
102,GC2EFHM,45.46915,-75.8056,2011-09-17,TigrePlus,Les Collines-De-L'Outaouais-Quebec
103,GC2EFHM,45.46915,-75.8056,2011-09-17,jingshen,Les Collines-De-L'Outaouais-Quebec
104,GC2EFHM,45.46915,-75.8056,2011-04-18,The Inkwell,Les Collines-De-L'Outaouais-Quebec
105,GC2EFHM,45.46915,-75.8056,2010-10-24,cron,Les Collines-De-L'Outaouais-Quebec
106,GC2EFHM,45.46915,-75.8056,2010-10-24,NeoDorset,Les Collines-De-L'Outaouais-Quebec
107,GC2EFHM,45.46915,-75.8056,2010-10-23,narcissa,Les Collines-De-L'Outaouais-Quebec
108,GC2EFHM,45.46915,-75.8056,2010-10-23,model12,Les Collines-De-L'Outaouais-Quebec
109,GC2EFHM,45.46915,-75.8056,2010-10-23,cavecats,Les Collines-De-L'Outaouais-Quebec
110,GC2EFHM,45.46915,-75.8056,2010-10-23,bluelamb03,Les Collines-De-L'Outaouais-Quebec
111,GC2EFHM,45.46915,-75.8056,2010-10-23,3-Bearss,Les Collines-De-L'Outaouais-Quebec
112,GC2EFHM,45.46915,-75.8056,2010-10-19,geoawareCA,Les Collines-De-L'Outaouais-Quebec
113,GC8CAE,45.55797,-65.52665,2018-05-16,gnome#4,Kings-New Brunswick
114,GC8CAE,45.55797,-65.52665,2017-10-06,7TNT,Kings-New Brunswick
115,GC8CAE,45.55797,-65.52665,2017-08-21,cogsweba,Kings-New Brunswick
116,GC8CAE,45.55797,-65.52665,2017-08-07,Kirok,Kings-New Brunswick
117,GC8CAE,45.55797,-65.52665,2017-08-02,outsiders2,Kings-New Brunswick
118,GC8CAE,45.55797,-65.52665,2017-08-02,The Blue Quasar,Kings-New Brunswick
119,GC8CAE,45.55797,-65.52665,2017-07-04,londonwesty,Kings-New Brunswick
120,GC8CAE,45.55797,-65.52665,2015-09-08,Dead Chuffed,Kings-New Brunswick
121,GC8CAE,45.55797,-65.52665,2014-06-17,kballsy,Kings-New Brunswick
122,GC8CAE,45.55797,-65.52665,2014-06-17,ponil,Kings-New Brunswick
123,GC8CAE,45.55797,-65.52665,2014-06-17,preferida,Kings-New Brunswick
124,GC8CAE,45.55797,-65.52665,2014-06-17,team salford,Kings-New Brunswick
125,GC8CAE,45.55797,-65.52665,2014-06-17,Nhtravelers5,Kings-New Brunswick
126,GC8CAE,45.55797,-65.52665,2013-09-24,Mr. Packrat,Kings-New Brunswick
127,GC8CAE,45.55797,-65.52665,2013-07-20,joce13,Kings-New Brunswick
128,GC8CAE,45.55797,-65.52665,2013-07-18,Blurman,Kings-New Brunswick
129,GC8CAE,45.55797,-65.52665,2013-01-12,ranger170,Kings-New Brunswick
130,GC8CAE,45.55797,-65.52665,2012-10-14,Q.B.,Kings-New Brunswick
131,GC8CAE,45.55797,-65.52665,2012-10-06,K57,Kings-New Brunswick
132,GC8CAE,45.55797,-65.52665,2012-08-02,sussexace,Kings-New Brunswick
133,GC8CAE,45.55797,-65.52665,2012-08-02,vfrgirl,Kings-New Brunswick
134,GC8CAE,45.55797,-65.52665,2012-07-25,Paulie,Kings-New Brunswick
135,GC8CAE,45.55797,-65.52665,2011-09-30,Pen4,Kings-New Brunswick
136,GC8CAE,45.55797,-65.52665,2011-08-27,Perks19,Kings-New Brunswick
137,GC8CAE,45.55797,-65.52665,2011-07-20,stcar,Kings-New Brunswick
138,GC8CAE,45.55797,-65.52665,2011-07-20,Rev Slippery,Kings-New Brunswick
139,GC8CAE,45.55797,-65.52665,2011-07-20,paulandstacey,Kings-New Brunswick
140,GC8CAE,45.55797,-65.52665,2010-08-23,E.B.E 51,Kings-New Brunswick
141,GC8CAE,45.55797,-65.52665,2010-06-11,2 GYPSIES WITH NO MOSS BETWEEN OUR TOES,Kings-New Brunswick
142,GC8CAE,45.55797,-65.52665,2010-05-29,KD_cachers,Kings-New Brunswick
143,GC8CAE,45.55797,-65.52665,2010-05-14,ajlong,Kings-New Brunswick
144,GC8CAE,45.55797,-65.52665,2010-04-04,LongReacher,Kings-New Brunswick
145,GC8CAE,45.55797,-65.52665,2009-11-14,ZeMartelo,Kings-New Brunswick
146,GC8CAE,45.55797,-65.52665,2009-11-11,avardmac,Kings-New Brunswick
147,GC8CAE,45.55797,-65.52665,2009-11-10,Team BikeFast,Kings-New Brunswick
148,GC8CAE,45.55797,-65.52665,2009-10-12,GEDCanada,Kings-New Brunswick
149,GC8CAE,45.55797,-65.52665,2009-10-12,KFDCanada&GEDCanada,Kings-New Brunswick
150,GC8CAE,45.55797,-65.52665,2009-09-13,SuperheroInTraining,Kings-New Brunswick
151,GC8CAE,45.55797,-65.52665,2009-09-13,El Nimrod,Kings-New Brunswick
152,GC8CAE,45.55797,-65.52665,2009-06-22,sourismimi,Kings-New Brunswick
153,GC8CAE,45.55797,-65.52665,2009-06-22,zieubleu,Kings-New Brunswick
154,GC8CAE,45.55797,-65.52665,2008-08-23,mud in the face,Kings-New Brunswick
155,GC8CAE,45.55797,-65.52665,2008-07-10,penguins lament,Kings-New Brunswick
156,GC8CAE,45.55797,-65.52665,2008-07-04,QSeekers,Kings-New Brunswick
157,GC8CAE,45.55797,-65.52665,2007-10-21,Creakers,Kings-New Brunswick
158,GC8CAE,45.55797,-65.52665,2007-10-09,DueEast,Kings-New Brunswick
159,GC8CAE,45.55797,-65.52665,2007-07-04,Triple_Trouble,Kings-New Brunswick
160,GC8CAE,45.55797,-65.52665,2007-06-16,unknown45,Kings-New Brunswick
161,GC8CAE,45.55797,-65.52665,2007-06-16,Tetagoucher,Kings-New Brunswick
162,GC8CAE,45.55797,-65.52665,2006-12-10,BEESKEEPER,Kings-New Brunswick
163,GC8CAE,45.55797,-65.52665,2006-08-24,bayseekers,Kings-New Brunswick
164,GC8CAE,45.55797,-65.52665,2006-05-21,Zonker&co,Kings-New Brunswick
165,GC8CAE,45.55797,-65.52665,2006-03-26,TLWTOC,Kings-New Brunswick
166,GC8CAE,45.55797,-65.52665,2006-03-26,DIGGER_52,Kings-New Brunswick
167,GC8CAE,45.55797,-65.52665,2006-03-26,Acadièn,Kings-New Brunswick
168,GC8CAE,45.55797,-65.52665,2006-03-11,GeoSlyCa,Kings-New Brunswick
169,GC8CAE,45.55797,-65.52665,2006-03-11,ACE226,Kings-New Brunswick
170,GC8CAE,45.55797,-65.52665,2005-06-14,Doctor Livingstone,Kings-New Brunswick
171,GC8CAE,45.55797,-65.52665,2005-06-13,Doctor Livingstone,Kings-New Brunswick
172,GC8CAE,45.55797,-65.52665,2005-05-21,Sportsman01,Kings-New Brunswick
173,GC8CAE,45.55797,-65.52665,2004-10-17,TheRetiredHiker&SpruceGum,Kings-New Brunswick
174,GC8CAE,45.55797,-65.52665,2004-10-04,The Lab Rat,Kings-New Brunswick
175,GC8CAE,45.55797,-65.52665,2004-10-04,Red Witch,Kings-New Brunswick
176,GC8CAE,45.55797,-65.52665,2004-10-02,family_circache,Kings-New Brunswick
177,GC8CAE,45.55797,-65.52665,2004-09-02,jim52,Kings-New Brunswick
178,GC8CAE,45.55797,-65.52665,2004-07-03,The Major Family,Kings-New Brunswick
179,GC8CAE,45.55797,-65.52665,2004-02-01,Trelane,Kings-New Brunswick
180,GC8CAE,45.55797,-65.52665,2003-08-19,The Major Family,Kings-New Brunswick
181,GC8CAE,45.55797,-65.52665,2003-08-11,aquanut2,Kings-New Brunswick
182,GC8CAE,45.55797,-65.52665,2003-06-27,vanGO,Kings-New Brunswick
183,GC8CAE,45.55797,-65.52665,2003-06-21,quispamman,Kings-New Brunswick
184,GC8CAE,45.55797,-65.52665,2003-06-01,UnclePunk,Kings-New Brunswick
185,GC8CAE,45.55797,-65.52665,2003-05-18,Eric_F,Kings-New Brunswick
186,GC8CAE,45.55797,-65.52665,2003-05-04,LegoEggo,Kings-New Brunswick
187,GC8CAE,45.55797,-65.52665,2002-12-24,Brown Witch,Kings-New Brunswick
188,GC8CAE,45.55797,-65.52665,2002-12-24,Red Witch,Kings-New Brunswick
189,GC8CAE,45.55797,-65.52665,2002-09-28,Cache Test Dummy,Kings-New Brunswick
190,GC8CAE,45.55797,-65.52665,2002-09-28,1492,Kings-New Brunswick
191,GC8CAE,45.55797,-65.52665,2002-09-28,Jenn Bellyshorts,Kings-New Brunswick
192,GC4J5QE,48.27755,-78.56847,2014-06-29,jknchacha,Abitibi Temiscamingue-Quebec
193,GC2CJVA,45.49327,-65.2084,2018-06-23,Toadster,Saint John-New Brunswick
194,GC2CJVA,45.49327,-65.2084,2018-05-17,gnome#4,Saint John-New Brunswick
195,GC2CJVA,45.49327,-65.2084,2017-06-03,vol21ff,Saint John-New Brunswick
196,GC2CJVA,45.49327,-65.2084,2016-05-20,4CeasonS,Saint John-New Brunswick
197,GC2CJVA,45.49327,-65.2084,2014-06-17,kballsy,Saint John-New Brunswick
198,GC2CJVA,45.49327,-65.2084,2014-06-17,ponil,Saint John-New Brunswick
199,GC2CJVA,45.49327,-65.2084,2014-06-17,preferida,Saint John-New Brunswick
200,GC2CJVA,45.49327,-65.2084,2014-06-17,team salford,Saint John-New Brunswick
201,GC2CJVA,45.49327,-65.2084,2014-06-17,Nhtravelers5,Saint John-New Brunswick
202,GC2CJVA,45.49327,-65.2084,2013-07-30,Blurman,Saint John-New Brunswick
203,GC2CJVA,45.49327,-65.2084,2013-05-15,K57,Saint John-New Brunswick
204,GC2CJVA,45.49327,-65.2084,2013-05-04,Tetagoucher,Saint John-New Brunswick
205,GC2CJVA,45.49327,-65.2084,2013-05-04,ZeMartelo,Saint John-New Brunswick
206,GC2CJVA,45.49327,-65.2084,2012-12-17,mud in the face,Saint John-New Brunswick
207,GC2CJVA,45.49327,-65.2084,2012-07-06,Hillbilly Bob,Saint John-New Brunswick
208,GC2CJVA,45.49327,-65.2084,2012-07-06,jim52,Saint John-New Brunswick
209,GC2CJVA,45.49327,-65.2084,2011-07-20,stcar,Saint John-New Brunswick
210,GC2CJVA,45.49327,-65.2084,2011-07-20,Rev Slippery,Saint John-New Brunswick
211,GC2CJVA,45.49327,-65.2084,2011-07-20,paulandstacey,Saint John-New Brunswick
212,GC2CJVA,45.49327,-65.2084,2011-07-20,Zonker&co,Saint John-New Brunswick
213,GC2CJVA,45.49327,-65.2084,2010-11-16,KD_cachers,Saint John-New Brunswick
214,GC2CJVA,45.49327,-65.2084,2010-08-02,avardmac,Saint John-New Brunswick
215,GC2CJVA,45.49327,-65.2084,2010-08-01,TheRetiredHiker&SpruceGum,Saint John-New Brunswick
216,GC2CJVA,45.49327,-65.2084,2010-07-31,geoawareCA,Saint John-New Brunswick
217,GC1GCX8,45.5589,-65.57518,2018-06-24,vfrgirl,Kings-New Brunswick
218,GC1GCX8,45.5589,-65.57518,2018-06-24,sussexace,Kings-New Brunswick
219,GC1GCX8,45.5589,-65.57518,2018-05-16,gnome#4,Kings-New Brunswick
220,GC1GCX8,45.5589,-65.57518,2017-10-08,7TNT,Kings-New Brunswick
221,GC1GCX8,45.5589,-65.57518,2017-06-30,usRlost,Kings-New Brunswick
222,GC1GCX8,45.5589,-65.57518,2016-07-01,fingers crossed,Kings-New Brunswick
223,GC1GCX8,45.5589,-65.57518,2016-05-22,Pink Action,Kings-New Brunswick
224,GC1GCX8,45.5589,-65.57518,2015-09-08,Dead Chuffed,Kings-New Brunswick
225,GC1GCX8,45.5589,-65.57518,2014-06-17,kballsy,Kings-New Brunswick
226,GC1GCX8,45.5589,-65.57518,2014-06-17,ponil,Kings-New Brunswick
227,GC1GCX8,45.5589,-65.57518,2014-06-17,preferida,Kings-New Brunswick
228,GC1GCX8,45.5589,-65.57518,2014-06-17,team salford,Kings-New Brunswick
229,GC1GCX8,45.5589,-65.57518,2014-06-17,Nhtravelers5,Kings-New Brunswick
230,GC1GCX8,45.5589,-65.57518,2013-07-22,Blurman,Kings-New Brunswick
231,GC1GCX8,45.5589,-65.57518,2013-07-21,lagrac,Kings-New Brunswick
232,GC1GCX8,45.5589,-65.57518,2013-07-13,ONESPIRIT555,Kings-New Brunswick
233,GC1GCX8,45.5589,-65.57518,2013-06-30,Sgt Pick,Kings-New Brunswick
234,GC1GCX8,45.5589,-65.57518,2013-01-12,ranger170,Kings-New Brunswick
235,GC1GCX8,45.5589,-65.57518,2012-10-15,Ma & Pa,Kings-New Brunswick
236,GC1GCX8,45.5589,-65.57518,2012-10-15,Belladan,Kings-New Brunswick
237,GC1GCX8,45.5589,-65.57518,2012-10-06,K57,Kings-New Brunswick
238,GC1GCX8,45.5589,-65.57518,2012-08-06,Paulie,Kings-New Brunswick
239,GC1GCX8,45.5589,-65.57518,2012-08-02,Folboter JAF,Kings-New Brunswick
240,GC1GCX8,45.5589,-65.57518,2012-06-30,El Nimrod,Kings-New Brunswick
241,GC1GCX8,45.5589,-65.57518,2012-03-23,Q.B.,Kings-New Brunswick
242,GC1GCX8,45.5589,-65.57518,2011-09-30,Pen4,Kings-New Brunswick
243,GC1GCX8,45.5589,-65.57518,2011-08-27,Perks19,Kings-New Brunswick
244,GC1GCX8,45.5589,-65.57518,2011-08-20,sussexace,Kings-New Brunswick
245,GC1GCX8,45.5589,-65.57518,2011-07-20,stcar,Kings-New Brunswick
246,GC1GCX8,45.5589,-65.57518,2011-07-20,Rev Slippery,Kings-New Brunswick
247,GC1GCX8,45.5589,-65.57518,2011-07-20,paulandstacey,Kings-New Brunswick
248,GC1GCX8,45.5589,-65.57518,2011-07-20,Zonker&co,Kings-New Brunswick
249,GC1GCX8,45.5589,-65.57518,2010-09-03,j2brew,Kings-New Brunswick
250,GC1GCX8,45.5589,-65.57518,2010-08-23,E.B.E 51,Kings-New Brunswick
251,GC1GCX8,45.5589,-65.57518,2010-06-11,2 GYPSIES WITH NO MOSS BETWEEN OUR TOES,Kings-New Brunswick
252,GC1GCX8,45.5589,-65.57518,2010-04-26,ZeMartelo,Kings-New Brunswick
253,GC1GCX8,45.5589,-65.57518,2010-03-07,Sportsman01,Kings-New Brunswick
254,GC1GCX8,45.5589,-65.57518,2009-11-11,avardmac,Kings-New Brunswick
255,GC1GCX8,45.5589,-65.57518,2009-10-12,GEDCanada,Kings-New Brunswick
256,GC1GCX8,45.5589,-65.57518,2009-10-12,KFDCanada&GEDCanada,Kings-New Brunswick
257,GC1GCX8,45.5589,-65.57518,2009-09-12,viking43,Kings-New Brunswick
258,GC1GCX8,45.5589,-65.57518,2009-08-29,incepit,Kings-New Brunswick
259,GC1GCX8,45.5589,-65.57518,2009-08-21,GeoSlyCa,Kings-New Brunswick
260,GC1GCX8,45.5589,-65.57518,2009-08-21,ACE226,Kings-New Brunswick
261,GC1GCX8,45.5589,-65.57518,2009-08-10,Team BikeFast,Kings-New Brunswick
262,GC1GCX8,45.5589,-65.57518,2009-08-06,penguins lament,Kings-New Brunswick
263,GC1GCX8,45.5589,-65.57518,2009-07-27,BEESKEEPER,Kings-New Brunswick
264,GC1GCX8,45.5589,-65.57518,2009-06-22,sourismimi,Kings-New Brunswick
265,GC1GCX8,45.5589,-65.57518,2009-06-22,zieubleu,Kings-New Brunswick
266,GC1GCX8,45.5589,-65.57518,2009-06-09,ajlong,Kings-New Brunswick
267,GC1GCX8,45.5589,-65.57518,2009-03-24,mud in the face,Kings-New Brunswick
268,GC1GCX8,45.5589,-65.57518,2009-01-04,Olive_Girl,Kings-New Brunswick
269,GC1GCX8,45.5589,-65.57518,2009-01-04,Ol_eagle_eyes,Kings-New Brunswick
270,GC1GCX8,45.5589,-65.57518,2008-10-19,Dreaming Tree & Tigerkiss,Kings-New Brunswick
271,GC1GCX8,45.5589,-65.57518,2008-10-03,jim52,Kings-New Brunswick
272,GC1GCX8,45.5589,-65.57518,2008-09-28,Creakers,Kings-New Brunswick
273,GC1GCX8,45.5589,-65.57518,2008-09-27,TLWTOC,Kings-New Brunswick
274,GC1GCX8,45.5589,-65.57518,2008-09-27,DIGGER_52,Kings-New Brunswick
275,GC1GCX8,45.5589,-65.57518,2008-09-19,Triple_Trouble,Kings-New Brunswick
276,GC1GCX8,45.5589,-65.57518,2008-09-18,TheRetiredHiker&SpruceGum,Kings-New Brunswick
277,GC1GCX8,45.5589,-65.57518,2008-09-18,geoaware,Kings-New Brunswick
278,GC680WM,43.17715,-80.35525,2020-03-24,carnigrewal,Brant-Ontario
279,GC680WM,43.17715,-80.35525,2020-02-16,Camroo,Brant-Ontario
280,GC680WM,43.17715,-80.35525,2020-02-15,CarolynCL,Brant-Ontario
281,GC680WM,43.17715,-80.35525,2020-02-15,Bkitty,Brant-Ontario
282,GC680WM,43.17715,-80.35525,2020-02-15,Brook22,Brant-Ontario
283,GC680WM,43.17715,-80.35525,2020-02-15,hubcap33,Brant-Ontario
284,GC680WM,43.17715,-80.35525,2019-08-24,Camroo,Brant-Ontario
285,GC680WM,43.17715,-80.35525,2019-08-05,NFJK,Brant-Ontario
286,GC680WM,43.17715,-80.35525,2019-05-11,KayTeeAre,Brant-Ontario
287,GC680WM,43.17715,-80.35525,2019-04-05,BWJM,Brant-Ontario
288,GC680WM,43.17715,-80.35525,2018-12-30,Buttons.,Brant-Ontario
289,GC680WM,43.17715,-80.35525,2018-10-19,zananoelis,Brant-Ontario
290,GC680WM,43.17715,-80.35525,2018-06-18,Star-Runner,Brant-Ontario
291,GC680WM,43.17715,-80.35525,2018-05-01,londonwesty,Brant-Ontario
292,GC680WM,43.17715,-80.35525,2018-04-29,londonwesty,Brant-Ontario
293,GC680WM,43.17715,-80.35525,2018-04-21,da Bush Man,Brant-Ontario
294,GC680WM,43.17715,-80.35525,2018-03-28,By Way,Brant-Ontario
295,GC680WM,43.17715,-80.35525,2018-03-28,Girls Phind Squirrels,Brant-Ontario
296,GC680WM,43.17715,-80.35525,2018-03-28,bruce iroquoia,Brant-Ontario
297,GC680WM,43.17715,-80.35525,2018-03-07,mmsm,Brant-Ontario
298,GC680WM,43.17715,-80.35525,2017-08-12,Msbrenders,Brant-Ontario
299,GC680WM,43.17715,-80.35525,2017-08-12,yungfelo,Brant-Ontario
300,GC680WM,43.17715,-80.35525,2017-06-18,SearchinSwifts,Brant-Ontario
301,GC680WM,43.17715,-80.35525,2017-06-18,Skyecat,Brant-Ontario
302,GC680WM,43.17715,-80.35525,2017-06-18,Paul n Susan,Brant-Ontario
303,GC680WM,43.17715,-80.35525,2016-10-05,sebast14n,Brant-Ontario
304,GC680WM,43.17715,-80.35525,2016-07-30,78viper,Brant-Ontario
305,GC680WM,43.17715,-80.35525,2016-07-30,Pasha88,Brant-Ontario
306,GC680WM,43.17715,-80.35525,2016-06-10,Skyecat,Brant-Ontario
307,GC680WM,43.17715,-80.35525,2016-04-16,Norshley,Brant-Ontario
308,GC680WM,43.17715,-80.35525,2016-03-21,jatmo,Brant-Ontario
309,GC680WM,43.17715,-80.35525,2016-03-21,Zorkmid,Brant-Ontario
310,GC680WM,43.17715,-80.35525,2016-03-21,bestactuary,Brant-Ontario
311,GC680WM,43.17715,-80.35525,2016-03-12,rebel10,Brant-Ontario
312,GC680WM,43.17715,-80.35525,2016-03-12,Terryer,Brant-Ontario
313,GC680WM,43.17715,-80.35525,2016-03-12,bggy,Brant-Ontario
314,GC680WM,43.17715,-80.35525,2016-03-12,geob.o.b.,Brant-Ontario
315,GC680WM,43.17715,-80.35525,2016-03-12,hikerT,Brant-Ontario
316,GC680WM,43.17715,-80.35525,2016-03-12,fbax,Brant-Ontario
317,GC680WM,43.17715,-80.35525,2016-03-12,Ellesche2100,Brant-Ontario
318,GC680WM,43.17715,-80.35525,2016-03-12,Zoeker Bill,Brant-Ontario
319,GC680WM,43.17715,-80.35525,2016-03-12,drdrkxz,Brant-Ontario
320,GC680WM,43.17715,-80.35525,2016-03-12,kayaklady52,Brant-Ontario
321,GC680WM,43.17715,-80.35525,2016-03-12,PurpleHawks,Brant-Ontario
322,GC680WM,43.17715,-80.35525,2016-03-12,indigodave,Brant-Ontario
323,GC680WM,43.17715,-80.35525,2016-03-12,OutdoorsNut,Brant-Ontario
324,GC680WM,43.17715,-80.35525,2016-03-12,DNStephens,Brant-Ontario
325,GC680WM,43.17715,-80.35525,2016-03-12,GuelphHiker,Brant-Ontario
326,GC680WM,43.17715,-80.35525,2016-03-12,OshawaPathfinder,Brant-Ontario
327,GC680WM,43.17715,-80.35525,2016-03-12,Joe Loescher,Brant-Ontario
328,GC680WM,43.17715,-80.35525,2016-03-12,res2100,Brant-Ontario
329,GC680WM,43.17715,-80.35525,2016-03-12,FLASH Jr. 373,Brant-Ontario
330,GC680WM,43.17715,-80.35525,2016-03-12,Mississauga Misfits,Brant-Ontario
331,GC680WM,43.17715,-80.35525,2016-03-12,DDTKR,Brant-Ontario
332,GC680WM,43.17715,-80.35525,2016-03-12,stealthEdge,Brant-Ontario
333,GC680WM,43.17715,-80.35525,2016-03-12,ktemJohn,Brant-Ontario
334,GC680WM,43.17715,-80.35525,2016-03-12,Inuksuk.,Brant-Ontario
335,GC680WM,43.17715,-80.35525,2016-03-12,Bug Finders,Brant-Ontario
336,GC680WM,43.17715,-80.35525,2016-03-12,willipan,Brant-Ontario
337,GC680WM,43.17715,-80.35525,2016-03-12,KaiteeDee,Brant-Ontario
338,GC680WM,43.17715,-80.35525,2016-03-12,Scouters Fred and Brenda,Brant-Ontario
339,GC680WM,43.17715,-80.35525,2016-03-12,JayJayCache,Brant-Ontario
340,GC680WM,43.17715,-80.35525,2016-03-11,sparky500,Brant-Ontario
341,GC680WM,43.17715,-80.35525,2016-03-10,kguppy,Brant-Ontario
342,GC680WM,43.17715,-80.35525,2016-02-28,tiggrrr,Brant-Ontario
343,GC1W5FE,48.94977,-65.49618,2014-08-09,Ours Curieux,La C<99>te-De-Gasp<8e>-Quebec
344,GC1W5FE,48.94977,-65.49618,2009-11-08,Blurman,La C<99>te-De-Gasp<8e>-Quebec
345,GC1W5FE,48.94977,-65.49618,2009-07-20,geoaware,La C<99>te-De-Gasp<8e>-Quebec
346,GC5ZK9H,46.31722,-78.90567,2017-06-29,Babushka_Qc,Nippising-Ontario
347,GC5ZK9H,46.31722,-78.90567,2015-07-25,geoawareCA,Nippising-Ontario
348,GC3QB8X,45.6053,-65.53818,2018-05-16,gnome#4,Kings-New Brunswick
349,GC3QB8X,45.6053,-65.53818,2017-10-29,Pen4,Kings-New Brunswick
350,GC3QB8X,45.6053,-65.53818,2016-05-22,Pink Action,Kings-New Brunswick
351,GC3QB8X,45.6053,-65.53818,2014-08-31,7TNT,Kings-New Brunswick
352,GC3QB8X,45.6053,-65.53818,2014-08-13,Team BikeFast,Kings-New Brunswick
353,GC3QB8X,45.6053,-65.53818,2014-06-20,2 GYPSIES WITH NO MOSS BETWEEN OUR TOES,Kings-New Brunswick
354,GC3QB8X,45.6053,-65.53818,2014-06-17,kballsy,Kings-New Brunswick
355,GC3QB8X,45.6053,-65.53818,2014-06-17,ponil,Kings-New Brunswick
356,GC3QB8X,45.6053,-65.53818,2014-06-17,team salford,Kings-New Brunswick
357,GC3QB8X,45.6053,-65.53818,2014-06-17,preferida,Kings-New Brunswick
358,GC3QB8X,45.6053,-65.53818,2014-06-17,Nhtravelers5,Kings-New Brunswick
359,GC3QB8X,45.6053,-65.53818,2013-07-27,Blurman,Kings-New Brunswick
360,GC3QB8X,45.6053,-65.53818,2013-07-13,ONESPIRIT555,Kings-New Brunswick
361,GC3QB8X,45.6053,-65.53818,2013-06-30,Sgt Pick,Kings-New Brunswick
362,GC3QB8X,45.6053,-65.53818,2013-06-30,KFDCanada&GEDCanada,Kings-New Brunswick
363,GC3QB8X,45.6053,-65.53818,2012-10-15,Ma & Pa,Kings-New Brunswick
364,GC3QB8X,45.6053,-65.53818,2012-10-15,Belladan,Kings-New Brunswick
365,GC3QB8X,45.6053,-65.53818,2012-10-14,Q.B.,Kings-New Brunswick
366,GC3QB8X,45.6053,-65.53818,2012-10-14,ZeMartelo,Kings-New Brunswick
367,GC3QB8X,45.6053,-65.53818,2012-10-14,E.B.E 51,Kings-New Brunswick
368,GC3QB8X,45.6053,-65.53818,2012-10-14,mud in the face,Kings-New Brunswick
369,GC3QB8X,45.6053,-65.53818,2012-10-06,K57,Kings-New Brunswick
370,GC3QB8X,45.6053,-65.53818,2012-08-09,TLWTOC,Kings-New Brunswick
371,GC3QB8X,45.6053,-65.53818,2012-08-09,DIGGER_52,Kings-New Brunswick
372,GC3QB8X,45.6053,-65.53818,2012-08-06,Perks19,Kings-New Brunswick
373,GC3QB8X,45.6053,-65.53818,2012-08-06,paulandstacey,Kings-New Brunswick
374,GC3QB8X,45.6053,-65.53818,2012-08-06,Paulie,Kings-New Brunswick
375,GC3QB8X,45.6053,-65.53818,2012-08-02,Folboter JAF,Kings-New Brunswick
376,GC3QB8X,45.6053,-65.53818,2012-08-02,Hillbilly Bob,Kings-New Brunswick
377,GC3QB8X,45.6053,-65.53818,2012-08-02,jim52,Kings-New Brunswick
378,GC3QB8X,45.6053,-65.53818,2012-07-29,sussexace,Kings-New Brunswick
379,GC3QB8X,45.6053,-65.53818,2012-07-29,vfrgirl,Kings-New Brunswick
380,GC3QB8X,45.6053,-65.53818,2012-07-25,ajlong,Kings-New Brunswick
381,GC3QB8X,45.6053,-65.53818,2012-07-24,geoawareCA,Kings-New Brunswick
382,GCK93F,45.05623,-78.19175,2006-07-30,Geofellas,Haliburton County-Ontario
383,GCK93F,45.05623,-78.19175,2006-07-29,Geofellas,Haliburton County-Ontario
384,GCK93F,45.05623,-78.19175,2006-04-29,Hilsrus,Haliburton County-Ontario
385,GCK93F,45.05623,-78.19175,2006-01-02,Family Adventures,Haliburton County-Ontario
386,GCK93F,45.05623,-78.19175,2005-07-03,Geofellas,Haliburton County-Ontario
387,GCK93F,45.05623,-78.19175,2005-05-21,oldnumber7,Haliburton County-Ontario
388,GCK93F,45.05623,-78.19175,2004-11-20,Family Adventures,Haliburton County-Ontario
389,GCK93F,45.05623,-78.19175,2004-08-21,Family Adventures,Haliburton County-Ontario
390,GCK93F,45.05623,-78.19175,2004-08-21,Shelley's Crew,Haliburton County-Ontario
391,GC1GMB4,44.48152,-77.65875,2013-03-15,MMMcacher,Hastings-Ontario
392,GC1GMB4,44.48152,-77.65875,2013-01-04,junglehair,Hastings-Ontario
393,GC1GMB4,44.48152,-77.65875,2012-08-10,alli-oop,Hastings-Ontario
394,GC1GMB4,44.48152,-77.65875,2012-06-19,Babushka_Qc,Hastings-Ontario
395,GC1GMB4,44.48152,-77.65875,2011-10-13,lostinthegarden,Hastings-Ontario
396,GC1GMB4,44.48152,-77.65875,2011-09-16,BEESKEEPER,Hastings-Ontario
397,GC1GMB4,44.48152,-77.65875,2011-06-30,MrPirateCat,Hastings-Ontario
398,GC1GMB4,44.48152,-77.65875,2011-06-26,hubcap33,Hastings-Ontario
399,GC1GMB4,44.48152,-77.65875,2011-06-12,MMMcacher,Hastings-Ontario
400,GC1GMB4,44.48152,-77.65875,2011-06-10,Skyecat,Hastings-Ontario
401,GC1GMB4,44.48152,-77.65875,2011-04-02,denjoa,Hastings-Ontario
402,GC1GMB4,44.48152,-77.65875,2011-03-27,MMMcacher,Hastings-Ontario
403,GC1GMB4,44.48152,-77.65875,2010-11-18,MMMcacher,Hastings-Ontario
404,GC1GMB4,44.48152,-77.65875,2010-11-07,MMMcacher,Hastings-Ontario
405,GC1GMB4,44.48152,-77.65875,2010-11-06,denjoa,Hastings-Ontario
406,GC1GMB4,44.48152,-77.65875,2010-08-10,denjoa,Hastings-Ontario
407,GC1GMB4,44.48152,-77.65875,2010-06-11,cavecats,Hastings-Ontario
408,GC1GMB4,44.48152,-77.65875,2010-05-17,narcissa,Hastings-Ontario
409,GC1GMB4,44.48152,-77.65875,2010-05-10,MMMcacher,Hastings-Ontario
410,GC1GMB4,44.48152,-77.65875,2010-03-30,Kenlaur,Hastings-Ontario
411,GC1GMB4,44.48152,-77.65875,2009-11-10,MMMcacher,Hastings-Ontario
412,GC1GMB4,44.48152,-77.65875,2009-06-05,The red-haired witch,Hastings-Ontario
413,GC1GMB4,44.48152,-77.65875,2009-06-05,bluelamb03,Hastings-Ontario
414,GC1GMB4,44.48152,-77.65875,2009-06-05,Kirok,Hastings-Ontario
415,GC1GMB4,44.48152,-77.65875,2009-03-13,Shelley's Crew,Hastings-Ontario
416,GC1GMB4,44.48152,-77.65875,2008-12-29,MMMcacher,Hastings-Ontario
417,GC1GMB4,44.48152,-77.65875,2008-10-18,Brook22,Hastings-Ontario
418,GC1GMB4,44.48152,-77.65875,2008-10-18,kayakers2,Hastings-Ontario
419,GC1GMB4,44.48152,-77.65875,2008-10-10,bggy,Hastings-Ontario
420,GC1GMB4,44.48152,-77.65875,2008-10-06,kayakers2,Hastings-Ontario
421,GC1GMB4,44.48152,-77.65875,2008-10-04,skyye53,Hastings-Ontario
422,GC1GMB4,44.48152,-77.65875,2008-09-30,MMMcacher,Hastings-Ontario
423,GC1GMB4,44.48152,-77.65875,2008-09-28,Mr. Packrat,Hastings-Ontario
424,GC1GMB4,44.48152,-77.65875,2008-09-28,model12,Hastings-Ontario
425,GC1XCMN,45.84772,-67.0314,2013-04-07,viking43,York-New Brunswick
426,GC1XCMN,45.84772,-67.0314,2012-12-28,Geodimeter,York-New Brunswick
427,GC1XCMN,45.84772,-67.0314,2012-07-02,viking43,York-New Brunswick
428,GC1XCMN,45.84772,-67.0314,2011-10-09,SteveAndDeb,York-New Brunswick
429,GC1XCMN,45.84772,-67.0314,2011-07-13,TLWTOC,York-New Brunswick
430,GC1XCMN,45.84772,-67.0314,2011-07-13,DIGGER_52,York-New Brunswick
431,GC1XCMN,45.84772,-67.0314,2011-01-01,ranger170,York-New Brunswick
432,GC1XCMN,45.84772,-67.0314,2010-09-08,K57,York-New Brunswick
433,GC1XCMN,45.84772,-67.0314,2010-09-08,K57,York-New Brunswick
434,GC1XCMN,45.84772,-67.0314,2009-09-05,jim52,York-New Brunswick
435,GC1XCMN,45.84772,-67.0314,2009-09-05,Hillbilly Bob,York-New Brunswick
436,GC1XCMN,45.84772,-67.0314,2009-09-02,Toadster,York-New Brunswick
437,GC1XCMN,45.84772,-67.0314,2009-08-25,TheRetiredHiker&SpruceGum,York-New Brunswick
438,GC1XCMN,45.84772,-67.0314,2009-08-23,Sportsman01,York-New Brunswick
439,GC1RJGC,45.49283,-63.49693,2018-08-21,cogsweba,Colchester-Nova Scotia
440,GC1RJGC,45.49283,-63.49693,2016-08-16,KD_cachers,Colchester-Nova Scotia
441,GC1RJGC,45.49283,-63.49693,2016-03-11,Riverbugs,Colchester-Nova Scotia
442,GC1RJGC,45.49283,-63.49693,2010-04-01,Newf and the Goof,Colchester-Nova Scotia
443,GC1RJGC,45.49283,-63.49693,2010-04-01,Newf and the Goof,Colchester-Nova Scotia
444,GC1RJGC,45.49283,-63.49693,2009-08-08,THE RED FOX RAIDERS,Colchester-Nova Scotia
445,GC1RJGC,45.49283,-63.49693,2009-05-22,Ron568,Colchester-Nova Scotia
446,GC1RJGC,45.49283,-63.49693,2009-05-22,paulandstacey,Colchester-Nova Scotia
447,GC1RJGC,45.49283,-63.49693,2009-05-19,Cache-tech,Colchester-Nova Scotia
448,GC79EFN,45.0683,-65.01588,2020-02-09,Falach-fead,Annapolis-Nova Scotia
449,GC79EFN,45.0683,-65.01588,2017-12-10,4CeasonS,Annapolis-Nova Scotia
450,GC79EFN,45.0683,-65.01588,2017-08-07,THE RED FOX RAIDERS,Annapolis-Nova Scotia
451,GC79EFN,45.0683,-65.01588,2017-08-03,K57,Annapolis-Nova Scotia
452,GC79EFN,45.0683,-65.01588,2017-07-29,geoawareCA,Annapolis-Nova Scotia
453,GC7FE1,45.30225,-66.06755,2016-05-14,Pen4,Saint John-New Brunswick
454,GC7FE1,45.30225,-66.06755,2014-09-27,Fundy Fog,Saint John-New Brunswick
455,GC7FE1,45.30225,-66.06755,2014-05-20,Sgt Pick,Saint John-New Brunswick
456,GC7FE1,45.30225,-66.06755,2013-12-11,7TNT,Saint John-New Brunswick
457,GC7FE1,45.30225,-66.06755,2011-06-28,ZeMartelo,Saint John-New Brunswick
458,GC7FE1,45.30225,-66.06755,2009-06-14,2 GYPSIES WITH NO MOSS BETWEEN OUR TOES,Saint John-New Brunswick
459,GC7FE1,45.30225,-66.06755,2009-06-07,mud in the face,Saint John-New Brunswick
460,GC7FE1,45.30225,-66.06755,2008-11-18,Team BikeFast,Saint John-New Brunswick
461,GC7FE1,45.30225,-66.06755,2008-09-20,Dreaming Tree & Tigerkiss,Saint John-New Brunswick
462,GC7FE1,45.30225,-66.06755,2007-09-03,DueEast,Saint John-New Brunswick
463,GC7FE1,45.30225,-66.06755,2007-08-06,Olive_Girl,Saint John-New Brunswick
464,GC7FE1,45.30225,-66.06755,2007-04-21,KD_cachers,Saint John-New Brunswick
465,GC7FE1,45.30225,-66.06755,2007-01-07,bayseekers,Saint John-New Brunswick
466,GC7FE1,45.30225,-66.06755,2006-11-26,Marching Team,Saint John-New Brunswick
467,GC7FE1,45.30225,-66.06755,2006-09-14,Triple_Trouble,Saint John-New Brunswick
468,GC7FE1,45.30225,-66.06755,2006-09-04,Ol_eagle_eyes,Saint John-New Brunswick
469,GC7FE1,45.30225,-66.06755,2006-08-31,Acadièn,Saint John-New Brunswick
470,GC7FE1,45.30225,-66.06755,2006-05-28,ACE226,Saint John-New Brunswick
471,GC7FE1,45.30225,-66.06755,2006-05-26,incepit,Saint John-New Brunswick
472,GC7FE1,45.30225,-66.06755,2006-05-19,LongReacher,Saint John-New Brunswick
473,GC7FE1,45.30225,-66.06755,2006-04-15,TLWTOC,Saint John-New Brunswick
474,GC7FE1,45.30225,-66.06755,2006-04-15,DIGGER_52,Saint John-New Brunswick
475,GC7FE1,45.30225,-66.06755,2006-03-27,The Major Family,Saint John-New Brunswick
476,GC7FE1,45.30225,-66.06755,2005-11-23,Ma & Pa,Saint John-New Brunswick
477,GC7FE1,45.30225,-66.06755,2005-11-20,Dreaming Tree & Tigerkiss,Saint John-New Brunswick
478,GC7FE1,45.30225,-66.06755,2005-11-18,Ma & Pa,Saint John-New Brunswick
479,GC7FE1,45.30225,-66.06755,2005-06-14,Doctor Livingstone,Saint John-New Brunswick
480,GC7FE1,45.30225,-66.06755,2005-06-12,Doctor Livingstone,Saint John-New Brunswick
481,GC7FE1,45.30225,-66.06755,2005-06-11,Doctor Livingstone,Saint John-New Brunswick
482,GC7FE1,45.30225,-66.06755,2005-05-25,GeoSlyCa,Saint John-New Brunswick
483,GC7FE1,45.30225,-66.06755,2005-05-14,Sportsman01,Saint John-New Brunswick
484,GC7FE1,45.30225,-66.06755,2005-04-10,Kawboy123,Saint John-New Brunswick
485,GC7FE1,45.30225,-66.06755,2005-04-06,The Lab Rat,Saint John-New Brunswick
486,GC7FE1,45.30225,-66.06755,2004-12-17,markirene,Saint John-New Brunswick
487,GC7FE1,45.30225,-66.06755,2004-11-16,TheRetiredHiker&SpruceGum,Saint John-New Brunswick
488,GC7FE1,45.30225,-66.06755,2004-10-14,jim52,Saint John-New Brunswick
489,GC7FE1,45.30225,-66.06755,2004-10-10,Kawboy123,Saint John-New Brunswick
490,GC7FE1,45.30225,-66.06755,2004-08-07,LongReacher,Saint John-New Brunswick
491,GC7FE1,45.30225,-66.06755,2004-07-05,Boomer&theNudge,Saint John-New Brunswick
492,GC7FE1,45.30225,-66.06755,2004-05-07,Marching Team,Saint John-New Brunswick
493,GC7FE1,45.30225,-66.06755,2004-04-18,PDPPotter,Saint John-New Brunswick
494,GC7FE1,45.30225,-66.06755,2004-04-18,Kawboy123,Saint John-New Brunswick
495,GC7FE1,45.30225,-66.06755,2003-10-07,The Major Family,Saint John-New Brunswick
496,GC7FE1,45.30225,-66.06755,2003-10-04,Doctor Livingstone,Saint John-New Brunswick
497,GC7FE1,45.30225,-66.06755,2003-09-26,The Major Family,Saint John-New Brunswick
498,GC7FE1,45.30225,-66.06755,2003-08-13,PDPPotter,Saint John-New Brunswick
499,GC7FE1,45.30225,-66.06755,2003-07-27,family_circache,Saint John-New Brunswick
500,GC7FE1,45.30225,-66.06755,2003-05-29,aquanut2,Saint John-New Brunswick
501,GC7FE1,45.30225,-66.06755,2003-04-24,'Hawkeye',Saint John-New Brunswick
502,GC7FE1,45.30225,-66.06755,2003-04-22,Trelane,Saint John-New Brunswick
503,GC7FE1,45.30225,-66.06755,2003-04-20,UnclePunk,Saint John-New Brunswick
504,GC7FE1,45.30225,-66.06755,2003-04-18,LegoEggo,Saint John-New Brunswick
505,GC7FE1,45.30225,-66.06755,2002-12-24,DustyWalker,Saint John-New Brunswick
506,GC7FE1,45.30225,-66.06755,2002-09-28,Cache Test Dummy,Saint John-New Brunswick
507,GC7FE1,45.30225,-66.06755,2002-09-28,1492,Saint John-New Brunswick
508,GC7FE1,45.30225,-66.06755,2002-09-28,Jenn Bellyshorts,Saint John-New Brunswick
509,GC7FE1,45.30225,-66.06755,2002-09-10,Eric_F,Saint John-New Brunswick
510,GC7FE1,45.30225,-66.06755,2002-08-31,quispamman,Saint John-New Brunswick
511,GC7FE1,45.30225,-66.06755,2002-08-31,GPComd,Saint John-New Brunswick
512,GC7FE1,45.30225,-66.06755,2002-08-29,Brown Witch,Saint John-New Brunswick
513,GC7FE1,45.30225,-66.06755,2002-08-29,Red Witch,Saint John-New Brunswick
514,GC14EXC,45.93925,-64.47442,2018-08-11,cogsweba,Westmorland-New Brunswick
515,GC14EXC,45.93925,-64.47442,2018-07-26,unoyt,Westmorland-New Brunswick
516,GC14EXC,45.93925,-64.47442,2018-07-26,moumoute,Westmorland-New Brunswick
517,GC14EXC,45.93925,-64.47442,2018-05-18,gnome#4,Westmorland-New Brunswick
518,GC14EXC,45.93925,-64.47442,2017-09-03,Ranger Fox,Westmorland-New Brunswick
519,GC14EXC,45.93925,-64.47442,2017-04-21,OUT FOR A STROLL,Westmorland-New Brunswick
520,GC14EXC,45.93925,-64.47442,2017-04-21,Navig8her,Westmorland-New Brunswick
521,GC14EXC,45.93925,-64.47442,2016-06-30,fingers crossed,Westmorland-New Brunswick
522,GC14EXC,45.93925,-64.47442,2015-10-11,Q.B.,Westmorland-New Brunswick
523,GC14EXC,45.93925,-64.47442,2015-10-11,Pikpik,Westmorland-New Brunswick
524,GC14EXC,45.93925,-64.47442,2015-09-16,sussexace,Westmorland-New Brunswick
525,GC14EXC,45.93925,-64.47442,2015-09-13,vol21ff,Westmorland-New Brunswick
526,GC14EXC,45.93925,-64.47442,2015-08-30,2 GYPSIES WITH NO MOSS BETWEEN OUR TOES,Westmorland-New Brunswick
527,GC14EXC,45.93925,-64.47442,2013-07-14,Paulie,Westmorland-New Brunswick
528,GC14EXC,45.93925,-64.47442,2013-07-14,Perks19,Westmorland-New Brunswick
529,GC14EXC,45.93925,-64.47442,2013-05-19,ranger170,Westmorland-New Brunswick
530,GC14EXC,45.93925,-64.47442,2012-12-22,Geodimeter,Westmorland-New Brunswick
531,GC14EXC,45.93925,-64.47442,2012-10-19,K57,Westmorland-New Brunswick
532,GC14EXC,45.93925,-64.47442,2012-07-08,E.B.E 51,Westmorland-New Brunswick
533,GC14EXC,45.93925,-64.47442,2011-08-11,Nemodidi,Westmorland-New Brunswick
534,GC14EXC,45.93925,-64.47442,2011-06-23,Rev Slippery,Westmorland-New Brunswick
535,GC14EXC,45.93925,-64.47442,2010-08-07,Nemodidi,Westmorland-New Brunswick
536,GC14EXC,45.93925,-64.47442,2009-09-04,Ron568,Westmorland-New Brunswick
537,GC14EXC,45.93925,-64.47442,2009-08-07,usRlost,Westmorland-New Brunswick
538,GC14EXC,45.93925,-64.47442,2009-07-19,El Nimrod,Westmorland-New Brunswick
539,GC14EXC,45.93925,-64.47442,2008-08-21,Belladan,Westmorland-New Brunswick
540,GC14EXC,45.93925,-64.47442,2008-07-22,penguins lament,Westmorland-New Brunswick
541,GC14EXC,45.93925,-64.47442,2008-05-15,KD_cachers,Westmorland-New Brunswick
542,GC14EXC,45.93925,-64.47442,2007-10-30,markirene,Westmorland-New Brunswick
543,GC14EXC,45.93925,-64.47442,2007-09-20,TheRetiredHiker&SpruceGum,Westmorland-New Brunswick
544,GC14EXC,45.93925,-64.47442,2007-09-08,incepit,Westmorland-New Brunswick
545,GC14EXC,45.93925,-64.47442,2007-09-01,Ma & Pa,Westmorland-New Brunswick
546,GC14EXC,45.93925,-64.47442,2007-08-20,Zonker&co,Westmorland-New Brunswick
547,GC14EXC,45.93925,-64.47442,2007-08-19,Ma & Pa,Westmorland-New Brunswick
548,GC14EXC,45.93925,-64.47442,2007-08-01,unknown45,Westmorland-New Brunswick
549,GC14EXC,45.93925,-64.47442,2007-07-28,Hillbilly Bob,Westmorland-New Brunswick
550,GC14EXC,45.93925,-64.47442,2007-07-28,jim52,Westmorland-New Brunswick
551,GC14EXC,45.93925,-64.47442,2007-07-18,geoaware,Westmorland-New Brunswick
552,GC4QYKA,48.54538,-71.154,2019-08-05,TigrePlus,Le Fjord-du-Saguenay-Quebec
553,GC4QYKA,48.54538,-71.154,2017-08-01,unoyt,Le Fjord-du-Saguenay-Quebec
554,GC4QYKA,48.54538,-71.154,2017-08-01,moumoute,Le Fjord-du-Saguenay-Quebec
555,GC4QYKA,48.54538,-71.154,2014-09-06,ORDIMIC,Le Fjord-du-Saguenay-Quebec
556,GC4QYKA,48.54538,-71.154,2013-11-08,geoawareCA,Le Fjord-du-Saguenay-Quebec
557,GC7W3TA,44.7714,-76.25057,2019-10-13,cd.cuts,Lanark-Ontario
558,GC7W3TA,44.7714,-76.25057,2019-09-18,skyye53,Lanark-Ontario
559,GC7W3TA,44.7714,-76.25057,2018-10-14,Mr. Packrat,Lanark-Ontario
560,GC7W3TA,44.7714,-76.25057,2018-10-14,model12,Lanark-Ontario
561,GC7W3TA,44.7714,-76.25057,2018-10-14,CanThai,Lanark-Ontario
562,GC7W3TA,44.7714,-76.25057,2018-10-14,bluelamb03,Lanark-Ontario
563,GC7W3TA,44.7714,-76.25057,2018-08-18,BurscHam,Lanark-Ontario
564,GC7W3TA,44.7714,-76.25057,2018-08-18,BurscHam,Lanark-Ontario
565,GC7W3TA,44.7714,-76.25057,2018-08-14,geoawareCA,Lanark-Ontario
566,GC13V6K,45.24322,-63.52763,2019-08-02,Riverbugs,Hants-Nova Scotia
567,GC13V6K,45.24322,-63.52763,2019-08-02,Riverbugs,Hants-Nova Scotia
568,GC13V6K,45.24322,-63.52763,2017-08-13,4CeasonS,Hants-Nova Scotia
569,GC13V6K,45.24322,-63.52763,2017-08-04,K57,Hants-Nova Scotia
570,GC13V6K,45.24322,-63.52763,2017-06-30,londonwesty,Hants-Nova Scotia
571,GC13V6K,45.24322,-63.52763,2010-08-19,THE RED FOX RAIDERS,Hants-Nova Scotia
572,GC13V6K,45.24322,-63.52763,2010-05-07,Newf and the Goof,Hants-Nova Scotia
573,GC13V6K,45.24322,-63.52763,2008-07-16,penguins lament,Hants-Nova Scotia
574,GC13V6K,45.24322,-63.52763,2008-05-12,Falach-fead,Hants-Nova Scotia
575,GC13V6K,45.24322,-63.52763,2007-08-30,2 GYPSIES WITH NO MOSS BETWEEN OUR TOES,Hants-Nova Scotia
576,GC13V6K,45.24322,-63.52763,2007-07-09,3-Bearss,Hants-Nova Scotia
577,GC13V6K,45.24322,-63.52763,2007-06-22,geoaware,Hants-Nova Scotia
578,GC1HWAZ,45.76955,-71.94145,2017-07-26,jknchacha,Estrie-Quebec
579,GC1HWAZ,45.76955,-71.94145,2017-07-12,jknchacha,Estrie-Quebec
580,GC1HWAZ,45.76955,-71.94145,2017-06-14,Dead Chuffed,Estrie-Quebec
581,GC1HWAZ,45.76955,-71.94145,2016-10-15,Sharks Lady,Estrie-Quebec
582,GC1HWAZ,45.76955,-71.94145,2016-10-14,Sharks Lady,Estrie-Quebec
583,GC1HWAZ,45.76955,-71.94145,2016-10-14,Sharks Lady,Estrie-Quebec
584,GC1HWAZ,45.76955,-71.94145,2012-08-19,ORDIMIC,Estrie-Quebec
585,GC1HWAZ,45.76955,-71.94145,2011-08-26,OpusTerra,Estrie-Quebec
586,GC1HWAZ,45.76955,-71.94145,2010-10-09,cron,Estrie-Quebec
587,GC1HWAZ,45.76955,-71.94145,2010-08-29,Babushka_Qc,Estrie-Quebec
588,GC1HWAZ,45.76955,-71.94145,2010-05-22,jim52,Estrie-Quebec
589,GC1HWAZ,45.76955,-71.94145,2010-05-22,markirene,Estrie-Quebec
590,GC1HWAZ,45.76955,-71.94145,2010-05-22,incepit,Estrie-Quebec
591,GC1HWAZ,45.76955,-71.94145,2009-10-05,OxSling,Estrie-Quebec
592,GC1HWAZ,45.76955,-71.94145,2009-09-07,Ours Curieux,Estrie-Quebec
593,GC1HWAZ,45.76955,-71.94145,2009-09-07,Ours Curieux,Estrie-Quebec
594,GC1HWAZ,45.76955,-71.94145,2009-05-08,Guydes.,Estrie-Quebec
595,GC1HWAZ,45.76955,-71.94145,2008-12-20,joce13,Estrie-Quebec
596,GC1HWAZ,45.76955,-71.94145,2008-11-23,sourismimi,Estrie-Quebec
597,GC1HWAZ,45.76955,-71.94145,2008-11-23,zieubleu,Estrie-Quebec
598,GC1HWAZ,45.76955,-71.94145,2008-11-05,geoaware,Estrie-Quebec
599,GC4M7P4,43.61205,-80.13963,2019-09-08,Joe Loescher,Wellington-Ontario
600,GC4M7P4,43.61205,-80.13963,2019-09-07,Micd,Wellington-Ontario
601,GC4M7P4,43.61205,-80.13963,2019-09-07,CarolynCL,Wellington-Ontario
602,GC4M7P4,43.61205,-80.13963,2018-09-08,GO Geiger,Wellington-Ontario
603,GC4M7P4,43.61205,-80.13963,2018-09-08,Kreamer&BearsKrew,Wellington-Ontario
604,GC4M7P4,43.61205,-80.13963,2018-09-08,Camroo,Wellington-Ontario
605,GC4M7P4,43.61205,-80.13963,2018-09-08,OpalandYugsirap,Wellington-Ontario
606,GC4M7P4,43.61205,-80.13963,2018-06-23,londonwesty,Wellington-Ontario
607,GC4M7P4,43.61205,-80.13963,2018-05-04,yukonshawn,Wellington-Ontario
608,GC4M7P4,43.61205,-80.13963,2017-10-21,gnome#4,Wellington-Ontario
609,GC4M7P4,43.61205,-80.13963,2017-09-09,geob.o.b.,Wellington-Ontario
610,GC4M7P4,43.61205,-80.13963,2017-09-09,indigodave,Wellington-Ontario
611,GC4M7P4,43.61205,-80.13963,2017-09-09,mijojelweslandon,Wellington-Ontario
612,GC4M7P4,43.61205,-80.13963,2017-09-09,KayTeeAre,Wellington-Ontario
613,GC4M7P4,43.61205,-80.13963,2017-09-09,BWJM,Wellington-Ontario
614,GC4M7P4,43.61205,-80.13963,2017-09-09,Star-Runner,Wellington-Ontario
615,GC4M7P4,43.61205,-80.13963,2017-09-09,mmsm,Wellington-Ontario
616,GC4M7P4,43.61205,-80.13963,2017-09-09,zananoelis,Wellington-Ontario
617,GC4M7P4,43.61205,-80.13963,2017-09-09,willipan,Wellington-Ontario
618,GC4M7P4,43.61205,-80.13963,2017-09-09,da Bush Man,Wellington-Ontario
619,GC4M7P4,43.61205,-80.13963,2017-09-08,ktemJohn,Wellington-Ontario
620,GC4M7P4,43.61205,-80.13963,2017-07-02,Paul n Susan,Wellington-Ontario
621,GC4M7P4,43.61205,-80.13963,2017-07-02,Skyecat,Wellington-Ontario
622,GC4M7P4,43.61205,-80.13963,2016-12-04,Zorkmid,Wellington-Ontario
623,GC4M7P4,43.61205,-80.13963,2016-12-04,bestactuary,Wellington-Ontario
624,GC4M7P4,43.61205,-80.13963,2016-10-09,drdrkxz,Wellington-Ontario
625,GC4M7P4,43.61205,-80.13963,2016-09-17,Jake39,Wellington-Ontario
626,GC4M7P4,43.61205,-80.13963,2016-09-11,goldsnoop-,Wellington-Ontario
627,GC4M7P4,43.61205,-80.13963,2016-09-10,booboo_1,Wellington-Ontario
628,GC4M7P4,43.61205,-80.13963,2016-09-10,kguppy,Wellington-Ontario
629,GC4M7P4,43.61205,-80.13963,2016-09-10,KaiteeDee,Wellington-Ontario
630,GC4M7P4,43.61205,-80.13963,2016-09-10,Superkatze,Wellington-Ontario
631,GC4M7P4,43.61205,-80.13963,2016-09-10,Bkitty,Wellington-Ontario
632,GC4M7P4,43.61205,-80.13963,2016-09-10,ohmom50,Wellington-Ontario
633,GC4M7P4,43.61205,-80.13963,2016-09-10,Jake39,Wellington-Ontario
634,GC4M7P4,43.61205,-80.13963,2016-09-10,bd's,Wellington-Ontario
635,GC4M7P4,43.61205,-80.13963,2016-09-10,NFJK,Wellington-Ontario
636,GC4M7P4,43.61205,-80.13963,2016-09-10,By Way,Wellington-Ontario
637,GC4M7P4,43.61205,-80.13963,2016-09-10,sparky500,Wellington-Ontario
638,GC4M7P4,43.61205,-80.13963,2016-09-10,OshawaPathfinder,Wellington-Ontario
639,GC4M7P4,43.61205,-80.13963,2016-09-10,Scouters Fred and Brenda,Wellington-Ontario
640,GC4M7P4,43.61205,-80.13963,2016-09-10,stinger503,Wellington-Ontario
641,GC4M7P4,43.61205,-80.13963,2016-09-10,Terryer,Wellington-Ontario
642,GC4M7P4,43.61205,-80.13963,2016-09-10,Ragtops,Wellington-Ontario
643,GC4M7P4,43.61205,-80.13963,2016-09-10,whyteman,Wellington-Ontario
644,GC4M7P4,43.61205,-80.13963,2016-09-10,paperclips29,Wellington-Ontario
645,GC4M7P4,43.61205,-80.13963,2016-09-10,Inuksuk.,Wellington-Ontario
646,GC4M7P4,43.61205,-80.13963,2016-09-10,jatmo,Wellington-Ontario
647,GC4M7P4,43.61205,-80.13963,2016-09-10,stealthEdge,Wellington-Ontario
648,GC4M7P4,43.61205,-80.13963,2016-09-09,Jake39,Wellington-Ontario
649,GC4M7P4,43.61205,-80.13963,2016-03-09,sebast14n,Wellington-Ontario
650,GC4M7P4,43.61205,-80.13963,2015-10-11,Kreamer&BearsKrew,Wellington-Ontario
651,GC4M7P4,43.61205,-80.13963,2015-10-11,LadyJaime,Wellington-Ontario
652,GC4M7P4,43.61205,-80.13963,2015-10-04,carnigrewal,Wellington-Ontario
653,GC4M7P4,43.61205,-80.13963,2015-10-04,hikerT,Wellington-Ontario
654,GC4M7P4,43.61205,-80.13963,2015-09-19,bggy,Wellington-Ontario
655,GC4M7P4,43.61205,-80.13963,2015-09-19,Pasha88,Wellington-Ontario
656,GC4M7P4,43.61205,-80.13963,2015-09-19,rebel10,Wellington-Ontario
657,GC4M7P4,43.61205,-80.13963,2015-09-19,Buttons.,Wellington-Ontario
658,GC4M7P4,43.61205,-80.13963,2015-09-19,alli-oop,Wellington-Ontario
659,GC4M7P4,43.61205,-80.13963,2015-09-19,Desafio,Wellington-Ontario
660,GC4M7P4,43.61205,-80.13963,2015-09-19,78viper,Wellington-Ontario
661,GC4M7P4,43.61205,-80.13963,2015-09-19,FreeSpirited1,Wellington-Ontario
662,GC4M7P4,43.61205,-80.13963,2015-09-19,Girls Phind Squirrels,Wellington-Ontario
663,GC4M7P4,43.61205,-80.13963,2015-09-19,OutdoorsNut,Wellington-Ontario
664,GC4M7P4,43.61205,-80.13963,2015-09-19,red headed fury,Wellington-Ontario
665,GC4M7P4,43.61205,-80.13963,2015-09-18,Brook22,Wellington-Ontario
666,GC4M7P4,43.61205,-80.13963,2015-09-18,hubcap33,Wellington-Ontario
667,GC4M7P4,43.61205,-80.13963,2015-09-17,DDTKR,Wellington-Ontario
668,GC4M7P4,43.61205,-80.13963,2015-09-13,Mississauga Misfits,Wellington-Ontario
669,GC4M7P4,43.61205,-80.13963,2015-08-08,FLASH Jr. 373,Wellington-Ontario
670,GC4M7P4,43.61205,-80.13963,2015-08-08,PurpleHawks,Wellington-Ontario
671,GC4M7P4,43.61205,-80.13963,2015-08-01,fbax,Wellington-Ontario
672,GC4M7P4,43.61205,-80.13963,2015-08-01,DNStephens,Wellington-Ontario
673,GC4M7P4,43.61205,-80.13963,2015-07-04,outsiders2,Wellington-Ontario
674,GC4M7P4,43.61205,-80.13963,2015-06-28,da Bush Man,Wellington-Ontario
675,GC4M7P4,43.61205,-80.13963,2015-05-02,JayJayCache,Wellington-Ontario
676,GC4M7P4,43.61205,-80.13963,2015-05-02,Bug Finders,Wellington-Ontario
677,GC4M7P4,43.61205,-80.13963,2015-02-26,bruce iroquoia,Wellington-Ontario
678,GC4M7P4,43.61205,-80.13963,2015-02-26,GuelphHiker,Wellington-Ontario
679,GC4M7P4,43.61205,-80.13963,2014-10-12,kayaklady52,Wellington-Ontario
680,GC4M7P4,43.61205,-80.13963,2014-09-13,skyye53,Wellington-Ontario
681,GC4M7P4,43.61205,-80.13963,2014-09-13,kayaklady52,Wellington-Ontario
682,GC4M7P4,43.61205,-80.13963,2014-09-11,Msbrenders,Wellington-Ontario
683,GC4M7P4,43.61205,-80.13963,2014-09-11,JRholmes77,Wellington-Ontario
684,GC4M7P4,43.61205,-80.13963,2014-09-11,skyye53,Wellington-Ontario
685,GC4M7P4,43.61205,-80.13963,2014-09-11,Msbrenders,Wellington-Ontario
686,GC4M7P4,43.61205,-80.13963,2014-09-10,geoawareCA,Wellington-Ontario
687,GC5ANXR,44.76737,-66.73688,2017-09-02,Pikpik,Charlotte-New Brunswick
688,GC5ANXR,44.76737,-66.73688,2017-07-29,Skyecat,Charlotte-New Brunswick
689,GC5ANXR,44.76737,-66.73688,2017-07-04,Fundy Fog,Charlotte-New Brunswick
690,GC5ANXR,44.76737,-66.73688,2016-09-04,Toadster,Charlotte-New Brunswick
691,GC5ANXR,44.76737,-66.73688,2015-08-05,Macfriends,Charlotte-New Brunswick
692,GC5ANXR,44.76737,-66.73688,2015-07-15,Team BikeFast,Charlotte-New Brunswick
693,GC5ANXR,44.76737,-66.73688,2015-07-15,7TNT,Charlotte-New Brunswick
694,GC5ANXR,44.76737,-66.73688,2015-06-26,Fundy Fog,Charlotte-New Brunswick
695,GC5ANXR,44.76737,-66.73688,2014-08-23,SteveAndDeb,Charlotte-New Brunswick
696,GC5ANXR,44.76737,-66.73688,2014-08-11,Cache-tech,Charlotte-New Brunswick
697,GCG7MW,45.8751,-64.87163,2007-04-01,Scouterkevin Chil & Kids,Albert-New Brunswick
698,GCG7MW,45.8751,-64.87163,2006-11-20,incepit,Albert-New Brunswick
699,GCG7MW,45.8751,-64.87163,2006-11-19,markirene,Albert-New Brunswick
700,GCG7MW,45.8751,-64.87163,2005-06-19,Scouterkevin Chil & Kids,Albert-New Brunswick
701,GCG7MW,45.8751,-64.87163,2005-06-13,Doctor Livingstone,Albert-New Brunswick
702,GCG7MW,45.8751,-64.87163,2005-06-11,Doctor Livingstone,Albert-New Brunswick
703,GCG7MW,45.8751,-64.87163,2004-06-04,jim52,Albert-New Brunswick
704,GCG7MW,45.8751,-64.87163,2003-11-30,KD_cachers,Albert-New Brunswick
705,GCG7MW,45.8751,-64.87163,2003-11-30,Scouterkevin Chil & Kids,Albert-New Brunswick
706,GCG7MW,45.8751,-64.87163,2003-07-11,Doctor Livingstone,Albert-New Brunswick
707,GCG7MW,45.8751,-64.87163,2003-06-14,KD_cachers,Albert-New Brunswick
708,GCG7MW,45.8751,-64.87163,2003-06-14,Scouterkevin Chil & Kids,Albert-New Brunswick
709,GCG7MW,45.8751,-64.87163,2003-06-05,Red Witch,Albert-New Brunswick
710,GC6PJ9E,45.87458,-61.31723,2019-08-10,Sportsman01,Inverness-Nova Scotia
711,GC6PJ9E,45.87458,-61.31723,2017-12-01,OUT FOR A STROLL,Inverness-Nova Scotia
712,GC6PJ9E,45.87458,-61.31723,2017-12-01,Navig8her,Inverness-Nova Scotia
713,GCH6C7,45.65983,-65.3814,2011-12-30,sussexace,Haldimand-Norfolk Rgnl Municipal-Ontario
714,GCH6C7,45.65983,-65.3814,2011-12-28,sussexace,Haldimand-Norfolk Rgnl Municipal-Ontario
715,GCH6C7,45.65983,-65.3814,2010-04-28,ajlong,Haldimand-Norfolk Rgnl Municipal-Ontario
716,GCH6C7,45.65983,-65.3814,2009-11-16,DueEast,Haldimand-Norfolk Rgnl Municipal-Ontario
717,GCH6C7,45.65983,-65.3814,2009-09-19,SuperheroInTraining,Haldimand-Norfolk Rgnl Municipal-Ontario
718,GCH6C7,45.65983,-65.3814,2009-05-16,ZeMartelo,Haldimand-Norfolk Rgnl Municipal-Ontario
719,GCH6C7,45.65983,-65.3814,2008-09-24,The Major Family,Haldimand-Norfolk Rgnl Municipal-Ontario
720,GCH6C7,45.65983,-65.3814,2008-05-07,The Major Family,Haldimand-Norfolk Rgnl Municipal-Ontario
721,GCH6C7,45.65983,-65.3814,2008-04-27,TLWTOC,Haldimand-Norfolk Rgnl Municipal-Ontario
722,GCH6C7,45.65983,-65.3814,2008-04-27,DIGGER_52,Haldimand-Norfolk Rgnl Municipal-Ontario
723,GCH6C7,45.65983,-65.3814,2007-10-07,avardmac,Haldimand-Norfolk Rgnl Municipal-Ontario
724,GCH6C7,45.65983,-65.3814,2007-09-16,MacRats,Haldimand-Norfolk Rgnl Municipal-Ontario
725,GCH6C7,45.65983,-65.3814,2007-09-16,MacRats,Haldimand-Norfolk Rgnl Municipal-Ontario
726,GCH6C7,45.65983,-65.3814,2007-07-25,GeoSlyCa,Haldimand-Norfolk Rgnl Municipal-Ontario
727,GCH6C7,45.65983,-65.3814,2007-06-16,unknown45,Haldimand-Norfolk Rgnl Municipal-Ontario
728,GCH6C7,45.65983,-65.3814,2007-06-16,Tetagoucher,Haldimand-Norfolk Rgnl Municipal-Ontario
729,GCH6C7,45.65983,-65.3814,2006-07-09,Acadièn,Haldimand-Norfolk Rgnl Municipal-Ontario
730,GCH6C7,45.65983,-65.3814,2006-05-07,TheRetiredHiker&SpruceGum,Haldimand-Norfolk Rgnl Municipal-Ontario
731,GCH6C7,45.65983,-65.3814,2006-02-25,Scouterkevin Chil & Kids,Haldimand-Norfolk Rgnl Municipal-Ontario
732,GCH6C7,45.65983,-65.3814,2005-11-14,The Major Family,Haldimand-Norfolk Rgnl Municipal-Ontario
733,GCH6C7,45.65983,-65.3814,2005-11-06,GeoSlyCa,Haldimand-Norfolk Rgnl Municipal-Ontario
734,GCH6C7,45.65983,-65.3814,2005-11-06,ACE226,Haldimand-Norfolk Rgnl Municipal-Ontario
735,GCH6C7,45.65983,-65.3814,2005-05-24,The Major Family,Haldimand-Norfolk Rgnl Municipal-Ontario
736,GCH6C7,45.65983,-65.3814,2004-10-16,family_circache,Haldimand-Norfolk Rgnl Municipal-Ontario
737,GCH6C7,45.65983,-65.3814,2004-10-15,The Major Family,Haldimand-Norfolk Rgnl Municipal-Ontario
738,GCH6C7,45.65983,-65.3814,2004-10-04,The Lab Rat,Haldimand-Norfolk Rgnl Municipal-Ontario
739,GCH6C7,45.65983,-65.3814,2004-10-04,Red Witch,Haldimand-Norfolk Rgnl Municipal-Ontario
740,GCH6C7,45.65983,-65.3814,2004-10-02,jim52,Haldimand-Norfolk Rgnl Municipal-Ontario
741,GCH6C7,45.65983,-65.3814,2004-09-12,Toadster,Haldimand-Norfolk Rgnl Municipal-Ontario
742,GCH6C7,45.65983,-65.3814,2004-07-04,'Hawkeye',Haldimand-Norfolk Rgnl Municipal-Ontario
743,GCH6C7,45.65983,-65.3814,2004-06-27,Boomer&theNudge,Haldimand-Norfolk Rgnl Municipal-Ontario
744,GCH6C7,45.65983,-65.3814,2004-06-24,Doctor Livingstone,Haldimand-Norfolk Rgnl Municipal-Ontario
745,GCH6C7,45.65983,-65.3814,2004-06-22,aquanut2,Haldimand-Norfolk Rgnl Municipal-Ontario
746,GCH6C7,45.65983,-65.3814,2004-05-04,vanGO,Haldimand-Norfolk Rgnl Municipal-Ontario
747,GCH6C7,45.65983,-65.3814,2003-11-18,KD_cachers,Haldimand-Norfolk Rgnl Municipal-Ontario
748,GCH6C7,45.65983,-65.3814,2003-11-06,The Major Family,Haldimand-Norfolk Rgnl Municipal-Ontario
749,GC16TF5,45.47463,-75.78832,2018-10-20,GPComd,Les Collines-De-L'Outaouais-Quebec
750,GC16TF5,45.47463,-75.78832,2018-08-18,The red-haired witch,Les Collines-De-L'Outaouais-Quebec
751,GC16TF5,45.47463,-75.78832,2018-08-18,The red-haired witch,Les Collines-De-L'Outaouais-Quebec
752,GC16TF5,45.47463,-75.78832,2018-08-16,The red-haired witch,Les Collines-De-L'Outaouais-Quebec
753,GC16TF5,45.47463,-75.78832,2018-06-25,The red-haired witch,Les Collines-De-L'Outaouais-Quebec
754,GC16TF5,45.47463,-75.78832,2018-05-05,CanThai,Les Collines-De-L'Outaouais-Quebec
755,GC16TF5,45.47463,-75.78832,2018-05-05,TigrePlus,Les Collines-De-L'Outaouais-Quebec
756,GC16TF5,45.47463,-75.78832,2017-09-08,BurscHam,Les Collines-De-L'Outaouais-Quebec
757,GC16TF5,45.47463,-75.78832,2016-11-27,dumbo_89,Les Collines-De-L'Outaouais-Quebec
758,GC16TF5,45.47463,-75.78832,2016-11-19,yukonshawn,Les Collines-De-L'Outaouais-Quebec
759,GC16TF5,45.47463,-75.78832,2014-09-26,ORDIMIC,Les Collines-De-L'Outaouais-Quebec
760,GC16TF5,45.47463,-75.78832,2011-11-19,jingshen,Les Collines-De-L'Outaouais-Quebec
761,GC16TF5,45.47463,-75.78832,2011-09-17,jingshen,Les Collines-De-L'Outaouais-Quebec
762,GC16TF5,45.47463,-75.78832,2010-04-20,Falach-fead,Les Collines-De-L'Outaouais-Quebec
763,GC16TF5,45.47463,-75.78832,2009-09-19,3-Bearss,Les Collines-De-L'Outaouais-Quebec
764,GC16TF5,45.47463,-75.78832,2009-08-18,Guydes.,Les Collines-De-L'Outaouais-Quebec
765,GC16TF5,45.47463,-75.78832,2008-06-15,NeoDorset,Les Collines-De-L'Outaouais-Quebec
766,GC16TF5,45.47463,-75.78832,2008-06-08,NeoDorset,Les Collines-De-L'Outaouais-Quebec
767,GC16TF5,45.47463,-75.78832,2008-06-06,penguins lament,Les Collines-De-L'Outaouais-Quebec
768,GC16TF5,45.47463,-75.78832,2008-01-10,The red-haired witch,Les Collines-De-L'Outaouais-Quebec
769,GC16TF5,45.47463,-75.78832,2007-11-28,FoxEcho,Les Collines-De-L'Outaouais-Quebec
770,GC16TF5,45.47463,-75.78832,2007-10-28,cron,Les Collines-De-L'Outaouais-Quebec
771,GC16TF5,45.47463,-75.78832,2007-10-27,bluelamb03,Les Collines-De-L'Outaouais-Quebec
772,GC16TF5,45.47463,-75.78832,2007-10-27,Mr. Packrat,Les Collines-De-L'Outaouais-Quebec
773,GC16TF5,45.47463,-75.78832,2007-10-27,narcissa,Les Collines-De-L'Outaouais-Quebec
774,GC16TF5,45.47463,-75.78832,2007-10-27,model12,Les Collines-De-L'Outaouais-Quebec
775,GC16TF5,45.47463,-75.78832,2007-10-26,cavecats,Les Collines-De-L'Outaouais-Quebec
776,GC57YHW,43.18455,-79.79545,2020-03-24,carnigrewal,Hamilton-Ontario
777,GC57YHW,43.18455,-79.79545,2020-01-05,OshawaPathfinder,Hamilton-Ontario
778,GC57YHW,43.18455,-79.79545,2020-01-05,da Bush Man,Hamilton-Ontario
779,GC57YHW,43.18455,-79.79545,2020-01-05,stealthEdge,Hamilton-Ontario
780,GC57YHW,43.18455,-79.79545,2020-01-05,paperclips29,Hamilton-Ontario
781,GC57YHW,43.18455,-79.79545,2020-01-05,Bkitty,Hamilton-Ontario
782,GC57YHW,43.18455,-79.79545,2020-01-05,rebel10,Hamilton-Ontario
783,GC57YHW,43.18455,-79.79545,2020-01-05,OpalandYugsirap,Hamilton-Ontario
784,GC57YHW,43.18455,-79.79545,2020-01-05,indigodave,Hamilton-Ontario
785,GC57YHW,43.18455,-79.79545,2020-01-05,Joe Loescher,Hamilton-Ontario
786,GC57YHW,43.18455,-79.79545,2020-01-05,whyteman,Hamilton-Ontario
787,GC57YHW,43.18455,-79.79545,2020-01-05,kguppy,Hamilton-Ontario
788,GC57YHW,43.18455,-79.79545,2018-09-18,Star-Runner,Hamilton-Ontario
789,GC57YHW,43.18455,-79.79545,2017-12-28,SearchinSwifts,Hamilton-Ontario
790,GC57YHW,43.18455,-79.79545,2017-09-30,mmsm,Hamilton-Ontario
791,GC57YHW,43.18455,-79.79545,2017-08-23,bruce iroquoia,Hamilton-Ontario
792,GC57YHW,43.18455,-79.79545,2017-08-23,By Way,Hamilton-Ontario
793,GC57YHW,43.18455,-79.79545,2017-04-04,Norshley,Hamilton-Ontario
794,GC57YHW,43.18455,-79.79545,2016-11-26,meha2,Hamilton-Ontario
795,GC57YHW,43.18455,-79.79545,2016-04-02,Inuksuk.,Hamilton-Ontario
796,GC57YHW,43.18455,-79.79545,2016-04-02,Terryer,Hamilton-Ontario
797,GC57YHW,43.18455,-79.79545,2016-04-02,bggy,Hamilton-Ontario
798,GC57YHW,43.18455,-79.79545,2016-03-05,red headed fury,Hamilton-Ontario
799,GC57YHW,43.18455,-79.79545,2016-03-05,FreeSpirited1,Hamilton-Ontario
800,GC57YHW,43.18455,-79.79545,2016-01-03,geob.o.b.,Hamilton-Ontario
801,GC57YHW,43.18455,-79.79545,2016-01-03,Ellesche2100,Hamilton-Ontario
802,GC57YHW,43.18455,-79.79545,2016-01-03,Zoeker Bill,Hamilton-Ontario
803,GC57YHW,43.18455,-79.79545,2016-01-03,res2100,Hamilton-Ontario
804,GC57YHW,43.18455,-79.79545,2016-01-03,Mississauga Misfits,Hamilton-Ontario
805,GC57YHW,43.18455,-79.79545,2015-11-25,78viper,Hamilton-Ontario
806,GC57YHW,43.18455,-79.79545,2015-11-25,Pasha88,Hamilton-Ontario
807,GC57YHW,43.18455,-79.79545,2015-08-15,mijojelweslandon,Hamilton-Ontario
808,GC57YHW,43.18455,-79.79545,2015-08-15,Kreamer&BearsKrew,Hamilton-Ontario
809,GC57YHW,43.18455,-79.79545,2015-08-15,Ragtops,Hamilton-Ontario
810,GC57YHW,43.18455,-79.79545,2015-08-15,LadyJaime,Hamilton-Ontario
811,GC57YHW,43.18455,-79.79545,2015-08-07,carnigrewal,Hamilton-Ontario
812,GC57YHW,43.18455,-79.79545,2015-08-04,DNStephens,Hamilton-Ontario
813,GC57YHW,43.18455,-79.79545,2015-07-05,Girls Phind Squirrels,Hamilton-Ontario
814,GC57YHW,43.18455,-79.79545,2015-06-29,OutdoorsNut,Hamilton-Ontario
815,GC57YHW,43.18455,-79.79545,2015-04-12,superjosh92,Hamilton-Ontario
816,GC57YHW,43.18455,-79.79545,2015-01-19,jatmo,Hamilton-Ontario
817,GC57YHW,43.18455,-79.79545,2015-01-19,Zorkmid,Hamilton-Ontario
818,GC57YHW,43.18455,-79.79545,2014-12-03,hikerT,Hamilton-Ontario
819,GC57YHW,43.18455,-79.79545,2014-11-22,FLASH Jr. 373,Hamilton-Ontario
820,GC57YHW,43.18455,-79.79545,2014-11-22,PurpleHawks,Hamilton-Ontario
821,GC57YHW,43.18455,-79.79545,2014-10-12,Msbrenders,Hamilton-Ontario
822,GC57YHW,43.18455,-79.79545,2014-09-03,ONESPIRIT555,Hamilton-Ontario
823,GC57YHW,43.18455,-79.79545,2014-07-13,tiggrrr,Hamilton-Ontario
824,GC57YHW,43.18455,-79.79545,2014-07-13,willipan,Hamilton-Ontario
825,GC57YHW,43.18455,-79.79545,2014-07-13,Skyecat,Hamilton-Ontario
826,GC57YHW,43.18455,-79.79545,2014-07-13,Bug Finders,Hamilton-Ontario
827,GC57YHW,43.18455,-79.79545,2014-07-13,NFJK,Hamilton-Ontario
828,GC57YHW,43.18455,-79.79545,2014-07-13,outsiders2,Hamilton-Ontario
829,GC57YHW,43.18455,-79.79545,2014-07-13,kayaklady52,Hamilton-Ontario
830,GC57YHW,43.18455,-79.79545,2014-07-13,DDTKR,Hamilton-Ontario
831,GC57YHW,43.18455,-79.79545,2014-07-13,Paul n Susan,Hamilton-Ontario
832,GC57YHW,43.18455,-79.79545,2014-07-13,stinger503,Hamilton-Ontario
833,GC57YHW,43.18455,-79.79545,2014-07-13,betweenhereandthere,Hamilton-Ontario
834,GC57YHW,43.18455,-79.79545,2014-07-13,yungfelo,Hamilton-Ontario
835,GC57YHW,43.18455,-79.79545,2014-07-13,geoawareCA,Hamilton-Ontario
836,GC1YRMV,45.93053,-64.48723,2020-02-17,Pink Action,Westmorland-New Brunswick
837,GC1YRMV,45.93053,-64.48723,2018-07-26,unoyt,Westmorland-New Brunswick
838,GC1YRMV,45.93053,-64.48723,2018-07-26,moumoute,Westmorland-New Brunswick
839,GC1YRMV,45.93053,-64.48723,2018-05-18,gnome#4,Westmorland-New Brunswick
840,GC1YRMV,45.93053,-64.48723,2017-05-07,Q.B.,Westmorland-New Brunswick
841,GC1YRMV,45.93053,-64.48723,2017-04-21,OUT FOR A STROLL,Westmorland-New Brunswick
842,GC1YRMV,45.93053,-64.48723,2017-04-21,Navig8her,Westmorland-New Brunswick
843,GC1YRMV,45.93053,-64.48723,2016-06-30,fingers crossed,Westmorland-New Brunswick
844,GC1YRMV,45.93053,-64.48723,2015-10-11,Pikpik,Westmorland-New Brunswick
845,GC1YRMV,45.93053,-64.48723,2015-09-16,sussexace,Westmorland-New Brunswick
846,GC1YRMV,45.93053,-64.48723,2015-09-13,vol21ff,Westmorland-New Brunswick
847,GC1YRMV,45.93053,-64.48723,2015-05-09,Geodimeter,Westmorland-New Brunswick
848,GC1YRMV,45.93053,-64.48723,2013-07-14,Paulie,Westmorland-New Brunswick
849,GC1YRMV,45.93053,-64.48723,2013-07-14,Perks19,Westmorland-New Brunswick
850,GC1YRMV,45.93053,-64.48723,2012-10-19,K57,Westmorland-New Brunswick
851,GC1YRMV,45.93053,-64.48723,2012-07-08,E.B.E 51,Westmorland-New Brunswick
852,GC1YRMV,45.93053,-64.48723,2011-12-11,2 GYPSIES WITH NO MOSS BETWEEN OUR TOES,Westmorland-New Brunswick
853,GC1YRMV,45.93053,-64.48723,2011-08-11,Nemodidi,Westmorland-New Brunswick
854,GC1YRMV,45.93053,-64.48723,2011-08-05,Zonker&co,Westmorland-New Brunswick
855,GC1YRMV,45.93053,-64.48723,2011-07-17,paulandstacey,Westmorland-New Brunswick
856,GC1YRMV,45.93053,-64.48723,2011-06-23,Nemodidi,Westmorland-New Brunswick
857,GC1YRMV,45.93053,-64.48723,2011-06-23,Rev Slippery,Westmorland-New Brunswick
858,GC1YRMV,45.93053,-64.48723,2011-06-08,usRlost,Westmorland-New Brunswick
859,GC1YRMV,45.93053,-64.48723,2010-08-06,El Nimrod,Westmorland-New Brunswick
860,GC1YRMV,45.93053,-64.48723,2009-10-20,Ma & Pa,Westmorland-New Brunswick
861,GC1YRMV,45.93053,-64.48723,2009-10-16,Belladan,Westmorland-New Brunswick
862,GC1YRMV,45.93053,-64.48723,2009-09-22,markirene,Westmorland-New Brunswick
863,GC1YRMV,45.93053,-64.48723,2009-09-22,incepit,Westmorland-New Brunswick
864,GC1YRMV,45.93053,-64.48723,2009-09-21,geoaware,Westmorland-New Brunswick
865,GC1YRMV,45.93053,-64.48723,2009-09-19,Hillbilly Bob,Westmorland-New Brunswick
866,GC1YRMV,45.93053,-64.48723,2009-09-19,jim52,Westmorland-New Brunswick
867,GC1YRMV,45.93053,-64.48723,2009-09-18,Ron568,Westmorland-New Brunswick
868,GC1YRMV,45.93053,-64.48723,2009-09-18,geoaware,Westmorland-New Brunswick
869,GC1YRMV,45.93053,-64.48723,2009-09-17,Ron568,Westmorland-New Brunswick
870,GCYMAX,44.93387,-78.24605,2013-09-03,Hilsrus,Peterborough-Ontario
871,GCYMAX,44.93387,-78.24605,2007-10-28,kayakers2,Peterborough-Ontario
872,GCYMAX,44.93387,-78.24605,2007-08-31,Hilsrus,Peterborough-Ontario
873,GCYMAX,44.93387,-78.24605,2007-08-30,Cache-tech,Peterborough-Ontario
874,GCYMAX,44.93387,-78.24605,2007-07-21,Hilsrus,Peterborough-Ontario
875,GCYMAX,44.93387,-78.24605,2007-05-13,bggy,Peterborough-Ontario
876,GCYMAX,44.93387,-78.24605,2006-12-31,Shelley's Crew,Peterborough-Ontario
877,GCYMAX,44.93387,-78.24605,2006-10-07,Geofellas,Peterborough-Ontario
878,GC8D04,45.30035,-66.05085,2007-10-27,LongReacher,Saint John-New Brunswick
879,GC8D04,45.30035,-66.05085,2005-04-16,Doctor Livingstone,Saint John-New Brunswick
880,GC8D04,45.30035,-66.05085,2004-06-24,Doctor Livingstone,Saint John-New Brunswick
881,GC8D04,45.30035,-66.05085,2004-05-30,Boomer&theNudge,Saint John-New Brunswick
882,GC8D04,45.30035,-66.05085,2004-04-18,Kawboy123,Saint John-New Brunswick
883,GC8D04,45.30035,-66.05085,2003-10-08,The Major Family,Saint John-New Brunswick
884,GC8D04,45.30035,-66.05085,2003-09-26,The Major Family,Saint John-New Brunswick
885,GC8D04,45.30035,-66.05085,2003-08-17,LongReacher,Saint John-New Brunswick
886,GC8D04,45.30035,-66.05085,2003-07-27,family_circache,Saint John-New Brunswick
887,GC8D04,45.30035,-66.05085,2003-06-29,vanGO,Saint John-New Brunswick
888,GC8D04,45.30035,-66.05085,2003-06-18,PDPPotter,Saint John-New Brunswick
889,GC8D04,45.30035,-66.05085,2003-05-20,UnclePunk,Saint John-New Brunswick
890,GC8D04,45.30035,-66.05085,2003-05-16,aquanut2,Saint John-New Brunswick
891,GC8D04,45.30035,-66.05085,2003-05-16,Trelane,Saint John-New Brunswick
892,GC8D04,45.30035,-66.05085,2003-04-27,'Hawkeye',Saint John-New Brunswick
893,GC8D04,45.30035,-66.05085,2003-04-19,LegoEggo,Saint John-New Brunswick
894,GC8D04,45.30035,-66.05085,2002-12-19,quispamman,Saint John-New Brunswick
895,GC8D04,45.30035,-66.05085,2002-11-30,DustyWalker,Saint John-New Brunswick
896,GC8D04,45.30035,-66.05085,2002-10-29,Brown Witch,Saint John-New Brunswick
897,GC8D04,45.30035,-66.05085,2002-10-01,Red Witch,Saint John-New Brunswick
898,GC8D04,45.30035,-66.05085,2002-09-28,Cache Test Dummy,Saint John-New Brunswick
899,GC8D04,45.30035,-66.05085,2002-09-28,1492,Saint John-New Brunswick
900,GC8D04,45.30035,-66.05085,2002-09-28,Jenn Bellyshorts,Saint John-New Brunswick
901,GC8D04,45.30035,-66.05085,2002-09-28,Eric_F,Saint John-New Brunswick
902,GC8D04,45.30035,-66.05085,2002-09-22,GPComd,Saint John-New Brunswick
903,GC8D04,45.30035,-66.05085,2002-09-22,GPComd,Saint John-New Brunswick